452,Abbott,Idell,Ernie.Robel@kaci.co.uk
732,Abbott,Jayne,Kathlyn@marcos.com
905,Abbott,Makenna,Dameon.Vandervort@amparo.me
185,Abbott,Mandy,Mario.McKenzie@cloyd.info
143,Abernathy,Bradford,Eduardo_Mertz@imelda.me
984,Abernathy,Coty,Dewayne@clemens.org
478,Abernathy,Gudrun,Easton@tabitha.ca
969,Abernathy,Joel,Ocie.Osinski@edythe.tv
579,Abernathy,Magdalen,Fredrick_Harber@alex.co.uk
206,Abernathy,Saige,Leta_Thompson@petra.biz
562,Abernathy,Sydnee,Kendrick@estelle.net
712,Abshire,Kali,Kaleb_Mraz@maude.us
397,Abshire,Laurianne,Monty_Dickens@retha.tv
10,Abshire,Saige,Ericka@oscar.tv
172,Abshire,Stanley,Tess@rachel.tv
663,Adams,Bernadine,Madaline@werner.name
885,Adams,Deontae,Magdalen.Green@salma.ca
652,Adams,Madge,Kaylin.Hahn@lavern.info
670,Adams,Reginald,Nico@ezequiel.biz
344,Altenwerth,Delta,Julien_Weissnat@leland.co.uk
32,Altenwerth,Franco,Barry_Rath@andy.biz
501,Altenwerth,Gayle,Ciara@kathryn.org
270,Altenwerth,Jessie,Cesar@alva.biz
208,Altenwerth,Kamryn,Sigrid@dallin.com
74,Altenwerth,Priscilla,Reginald@stevie.org
166,Altenwerth,Reanna,Lelah@robb.name
353,Altenwerth,Violet,Wiley_Zboncak@susanna.me
490,Anderson,Daisha,Yasmine.Durgan@isaiah.biz
893,Anderson,Darius,Caterina@herminio.org
160,Anderson,Emmett,Gabe.Lockman@elsa.biz
943,Anderson,Isabelle,Buddy@ignatius.name
211,Anderson,Jeromy,Horacio.Hegmann@pamela.tv
388,Anderson,Savanna,Alisha@antonio.me
164,Anderson,Vivianne,Lonny@katelin.tv
173,Ankunding,Hellen,Felix.Swift@trevion.io
310,Armstrong,Jarrod,Maiya.Kshlerin@delta.tv
143,Auer,Abner,Aniya.Anderson@vilma.io
386,Auer,Emil,Macie.Tremblay@alene.net
748,Auer,Linwood,Michel_Dare@cletus.us
904,Auer,Oliver,Newell@shannon.net
606,Aufderhar,Estelle,Nia.Towne@destini.ca
442,Aufderhar,Houston,Donny@amira.biz
123,Aufderhar,Jaylan,Elody_Hoppe@webster.us
792,Aufderhar,Kaylie,Eddie_Fadel@catherine.tv
500,Aufderhar,Pete,Lilliana@victoria.us
887,Bahringer,Alison,Madge_Cummings@alayna.io
16,Bahringer,Joseph,Eliane.Kris@vivianne.com
162,Bahringer,Orland,Spencer@amya.net
633,Bahringer,Shanny,Addie.Fisher@mateo.com
842,Bailey,Dallas,Oral@murl.io
271,Bailey,Jaeden,Kaleigh@kaden.biz
301,Bailey,Kyler,Linwood@matteo.io
173,Bailey,Murray,Kim_Carroll@cameron.org
271,Bailey,Savannah,Armando_Koch@alfredo.net
511,Bailey,Tom,Khalid@javon.ca
939,Balistreri,Cheyanne,Drake@adolphus.biz
281,Balistreri,Leonardo,Arden@junius.io
823,Balistreri,Mary,Ulises.Sporer@cecelia.name
576,Balistreri,Shea,Ashleigh_Yost@dasia.com
263,Balistreri,Vaughn,Aleen@chris.co.uk
960,Barrows,Bella,Kelton@esmeralda.us
918,Barrows,Daphney,Cynthia_Emard@mona.org
372,Barrows,Elta,Dakota@declan.info
897,Barrows,Elyse,Frederic.Stark@rossie.org
904,Barrows,Lolita,Wilber_Orn@brandi.co.uk
209,Barrows,Sean,Eliza@marguerite.biz
749,Bartell,Deonte,Freeda.Champlin@doug.io
318,Bartell,Penelope,Antonio_Reilly@tyrique.biz
661,Bartoletti,Micheal,Spencer_Frami@cali.org
404,Barton,Alejandrin,Elda@kenyon.info
83,Barton,Bret,Eulalia.Feest@samara.me
977,Barton,Camille,Leo.Collier@rey.me
864,Barton,Michaela,Oda@winston.us
97,Barton,Paolo,Gerard@selmer.name
782,Bashirian,Carley,Katarina@sigurd.info
840,Bashirian,Emerson,Bud@gracie.io
525,Bashirian,Emilie,Bailey@deontae.tv
262,Bashirian,Madisyn,Avery@maurice.me
472,Batz,Antonette,Vella@merl.biz
58,Batz,Flavie,Coby@antonette.us
3,Batz,Florida,Easton.Watsica@damon.me
226,Batz,Gisselle,Bridget@hattie.io
225,Bauch,Alvina,Robb.Mills@reilly.net
952,Bauch,Bernice,Grant@savannah.io
939,Bauch,Evangeline,Dora_Hudson@prudence.me
214,Bauch,Mariana,Hallie_Conroy@jeffry.com
348,Baumbach,Arvel,Donna.Stroman@philip.com
102,Baumbach,Ray,Jamir@earnestine.us
273,Bayer,Oral,Lois.Rempel@julian.us
996,Bayer,Rachael,Burley.Hayes@clifford.biz
368,Bayer,Terence,Steve@kurtis.biz
682,Bayer,Tillman,Jacynthe@summer.biz
778,Beahan,Audra,Murray@mallie.io
131,Beahan,Caleb,Damian.Stanton@damien.com
154,Beahan,Dean,Aleen.Yost@angeline.tv
434,Beahan,Elsie,Sigmund_Klein@arvid.name
797,Beahan,Jewel,Rudolph.Torphy@giovanny.co.uk
15,Beahan,Leonie,Mckenzie.Bernier@alda.biz
644,Beahan,Loyal,Amiya@jordon.com
116,Beahan,Yolanda,Cathy.Donnelly@yadira.tv
860,Beatty,Finn,Kaley.Bosco@allene.com
795,Beatty,Garfield,Ward@danny.net
703,Beatty,Linwood,Carlotta_Rempel@horacio.us
947,Beatty,Nella,Reymundo_Maggio@abby.ca
807,Beatty,Ray,Wilburn@tatum.biz
429,Beatty,Tyler,Jerrell_Koepp@holden.tv
950,Bechtelar,Hermina,Derek@adan.name
139,Bechtelar,Jace,Kira.Leuschke@courtney.name
387,Bechtelar,Larue,Marcel.Vandervort@mckenzie.name
401,Bechtelar,Lawrence,Daryl_Wilderman@walker.biz
194,Bechtelar,Marcelle,Levi.Rodriguez@hermann.biz
277,Becker,Asia,Talon_Purdy@constance.io
101,Becker,Efren,Kaia@kiley.ca
421,Becker,Lexus,Vanessa@dameon.me
275,Becker,Nicolas,Suzanne@violette.com
892,Beer,Alexander,Raphael.McKenzie@nikita.info
418,Beer,Bertha,Mattie@leopoldo.ca
173,Beer,Dominic,Gunner@ava.biz
689,Beer,Flo,Manuela@lawrence.ca
354,Beer,Howard,Bonita.Morar@harley.tv
879,Beer,Melvin,Esta@jeremie.ca
789,Beier,Dean,Elliot@max.org
417,Beier,Gia,Ophelia_Kiehn@haylie.io
615,Beier,Lela,Murphy.Cruickshank@ola.com
290,Beier,Lenny,Nicola@katrina.ca
632,Beier,Olga,Jeanie@eula.io
835,Beier,Ozella,Jasen.Klocko@jacquelyn.net
604,Beier,Tia,Aurelia.Bashirian@lorenza.me
776,Berge,Drake,Larry@myrtice.biz
212,Berge,Mohammad,Marielle@nolan.com
950,Berge,Van,Marina_Kemmer@savanna.name
649,Berge,Xavier,Stanley@brayan.ca
686,Bergnaum,Joanie,Alana_OReilly@franz.info
507,Bergnaum,Mustafa,Quinn@saul.net
871,Bergnaum,Queenie,Mossie_Paucek@macie.tv
480,Bergnaum,Ruth,Johanna@tyrell.net
993,Bergnaum,Ryan,Armando_OConnell@kayla.co.uk
726,Bergnaum,Shakira,Brycen_Strosin@bryce.net
97,Bergnaum,Tyrique,Flavie@rosetta.org
762,Bergstrom,Justice,Mariela.Stiedemann@alfred.me
774,Bernhard,Fabian,Easton@myron.biz
655,Bernhard,Lela,Brendon_Nitzsche@stewart.org
58,Bernhard,Maximilian,Libbie_Sawayn@bryana.info
85,Bernhard,Miracle,Gregg@jeff.org
874,Bernhard,Nya,Fay.VonRueden@chesley.net
510,Bernhard,Rosemarie,Ryley@alfred.ca
713,Bernier,Fannie,Aurore.Emmerich@olaf.ca
23,Bernier,Jaylen,Janick@dorothea.me
983,Bernier,Rhea,Ewell@ron.co.uk
596,Bins,Gilbert,Priscilla@mohamed.biz
627,Bins,Joyce,Jamal.Parisian@briana.net
237,Bins,Malinda,Oswaldo.Cole@charlene.ca
558,Bins,Obie,Jazmyn_Schuster@michale.info
425,Bins,Pietro,Freddie_Cremin@korey.io
880,Bins,Reid,Kasey@amara.tv
717,Blanda,Adriel,Evangeline_Herzog@miles.biz
153,Blanda,Clyde,Lucio@thad.org
489,Blanda,Madison,Luna@marie.io
452,Blanda,Palma,Lew@milford.io
582,Blick,Bette,Valentine_Stark@kaylah.biz
890,Blick,Furman,Jessica@stuart.me
821,Blick,Jamey,Jaquelin@dimitri.us
656,Blick,Kale,Tod_Lynch@julien.tv
276,Block,Adrianna,Brenden@christop.io
889,Block,Alfredo,Marguerite@brenden.info
983,Block,Stevie,Kari@shirley.us
171,Bode,Alysa,Zackery@buddy.ca
767,Bode,Amos,Ivy@nicolette.co.uk
607,Bode,Maymie,Anissa.Lockman@alexandria.ca
186,Bode,Norberto,Josefina_Kautzer@armand.biz
743,Bode,Sanford,Zena@josephine.com
295,Boehm,Carmel,Kendrick.Johnston@nakia.us
764,Boehm,Erika,Gregg.Hills@bryon.io
505,Boehm,Herman,Allie.Corkery@lillian.name
602,Boehm,Ramon,Efren_Gleason@thelma.info
611,Boehm,Travon,Fiona@jason.ca
315,Bogan,Roberto,Abby.Toy@israel.io
820,Bogisich,Cordelia,Christelle@gregoria.ca
553,Bogisich,Estevan,Johnson@carol.me
363,Borer,Alec,Ike@kennedy.biz
952,Borer,Annamarie,Jaylon@amalia.co.uk
230,Borer,Devante,Leonardo@bennett.com
555,Borer,Erick,Jackeline@aubrey.me
551,Borer,Hiram,Roxanne@ramona.co.uk
198,Borer,Sheldon,Lula_Cremin@karen.biz
540,Bosco,Zechariah,Novella@boris.us
738,Botsford,Anthony,Hailie@torey.name
740,Botsford,Brigitte,Winnifred_OHara@felicita.net
772,Botsford,Carroll,Amelie@maxime.tv
715,Botsford,Dominic,Frederic@newton.biz
249,Botsford,Ophelia,Vada.Strosin@mary.org
221,Boyer,Reva,Pierre@gina.org
94,Boyer,Stefanie,Noel.Okuneva@ayla.biz
696,Boyer,Vernon,Ezekiel.Haag@cyrus.biz
780,Boyle,Abigayle,Bradley@cameron.ca
63,Boyle,Casey,Edyth@juliana.io
931,Boyle,Dorothy,Derrick_Ankunding@jerel.ca
801,Boyle,Jerrod,Guido.Wilderman@barton.info
749,Bradtke,Alanis,Anne@verna.me
905,Bradtke,Alisa,Reggie.Ryan@delpha.co.uk
61,Bradtke,Fannie,Keshaun@zena.name
716,Bradtke,Franco,Ted@velva.biz
906,Bradtke,Hermann,Brice_Orn@arthur.biz
675,Bradtke,Kaden,Makenna.Goodwin@earline.name
634,Bradtke,Mekhi,Maud@dashawn.me
604,Brakus,Julian,Bette@wilmer.ca
546,Brakus,Mabel,Verner@haley.org
463,Braun,Ayana,Johann_Lebsack@shirley.com
791,Braun,Jonas,Christy.Kshlerin@aron.biz
373,Braun,Kaden,Alphonso.Collier@irving.biz
253,Braun,Rhett,Christine@ron.org
147,Braun,Tremaine,Harmon@meghan.biz
265,Breitenberg,Andreanne,Yasmeen.Heaney@madonna.ca
691,Breitenberg,Arlo,Timmy.Waelchi@felix.ca
520,Breitenberg,Gage,Destiny@dixie.io
920,Brekke,Aaliyah,Alford@osvaldo.co.uk
458,Brekke,Amos,Clay.Runolfsson@hermina.biz
873,Brekke,Duncan,Carli@patience.org
500,Brekke,Elmo,Stan@beaulah.io
738,Brekke,Gunner,Nelson@coleman.co.uk
913,Brekke,Jordi,Amber_Mann@randy.biz
229,Brekke,Philip,Darryl_Torphy@dixie.io
642,Brekke,Sarai,Mateo@sadye.co.uk
38,Brekke,Shayne,Amber@alvis.biz
964,Brown,Abbie,Trycia_Hamill@cayla.tv
0,Brown,Dennis,Martine.Kautzer@rebeca.info
95,Brown,Jaden,Kurt@kevin.net
397,Brown,Martine,Mervin@joseph.tv
873,Brown,Maxwell,Friedrich.Cummings@delta.me
965,Bruen,Adolf,Mohammed@thurman.name
679,Bruen,Devonte,Brennon.Schneider@ada.com
298,Bruen,Elian,Blanca.Friesen@bernardo.info
568,Bruen,Nedra,Jada_Cole@leta.io
519,Buckridge,Eldon,Fabian@kiera.io
374,Buckridge,Jalen,Casimir_Cremin@cloyd.com
326,Buckridge,Jonathon,Katherine.Larson@frederique.biz
391,Buckridge,Lula,Kamille@daron.biz
510,Buckridge,Madie,Ahmad_Cole@trystan.io
59,Buckridge,Pierce,Brennan_Kshlerin@silas.net
41,Buckridge,Sean,Trinity@aisha.com
242,Buckridge,Vincent,Kasandra.Cormier@consuelo.net
359,Carroll,Abner,Kendall_Kshlerin@jacynthe.biz
584,Carroll,Arnaldo,Stewart_Kessler@brooklyn.me
805,Carroll,Candido,Lilyan@laury.biz
629,Carroll,Edna,Verner_Abernathy@maegan.co.uk
853,Carroll,Maymie,Catherine@dolores.io
761,Carroll,Mona,Einar@andreanne.tv
450,Carroll,Sophia,Robert.Miller@marc.ca
991,Carroll,Wava,Amira@jefferey.net
835,Carter,Abel,Mossie@krista.me
228,Carter,Antonina,Ali.Block@zachary.name
815,Carter,Efrain,Kenneth.Sanford@donald.com
804,Carter,Garret,Juliana@tyler.biz
458,Carter,Jennyfer,Judy_Goyette@orlo.biz
8,Carter,Nickolas,Jazmyne@lessie.us
363,Cartwright,Buster,Milan@florida.info
518,Cartwright,Michael,Doris.Stark@tomasa.info
563,Cartwright,Michelle,Louisa.Barrows@rhoda.tv
689,Casper,Kylee,Joelle@adan.me
136,Cassin,Cordia,Guillermo@gus.org
457,Cassin,Nikita,Bradley_Krajcik@willy.org
374,Champlin,Adan,Osvaldo_Klein@mckayla.com
769,Champlin,Antwan,Jayne.Krajcik@helen.name
294,Champlin,Henderson,Terrell@madeline.io
298,Champlin,Jazmyne,Karine.Feil@marlen.name
940,Champlin,Jovan,Hailey.Harber@claudine.ca
504,Christiansen,Aric,Marcelo@lizeth.net
881,Christiansen,Caterina,Audra_Langosh@hollie.info
694,Christiansen,Cletus,Burnice_Hegmann@jaquan.biz
590,Christiansen,Eleanora,Reuben@nils.com
736,Christiansen,Filomena,Nelson.Upton@angel.us
333,Christiansen,Lukas,Dewitt@ora.net
770,Christiansen,Maggie,Camron_Ruecker@danielle.tv
231,Cole,Ansel,Anne_Hermann@timothy.co.uk
299,Cole,Clay,Ramon.Von@casandra.io
183,Cole,Conor,Paige.Kilback@chelsey.io
754,Cole,Jammie,Jazmyn@reinhold.us
913,Cole,Leopold,Madeline_Greenholt@shyann.name
639,Cole,Magnus,Adela.Bechtelar@claud.io
178,Cole,Marlin,Anastacio.Lesch@lane.io
492,Cole,Mekhi,Citlalli_OConnell@adalberto.us
64,Cole,Vergie,Angelina@susanna.info
38,Collier,Delphia,Antonette@christophe.io
540,Collier,Doug,Lesley@magali.io
18,Collier,Paula,Royce@chloe.tv
88,Collier,Rhett,Monte.Roberts@helmer.org
584,Collins,Lexie,Abelardo@noble.org
761,Conn,Asa,Maurice.Bosco@devonte.biz
732,Conn,Cortney,Destin@dillon.us
927,Conn,Josefina,Chaz@sarai.net
783,Conn,Margarett,Troy@erich.name
268,Connelly,Anita,Archibald@keshaun.info
448,Connelly,Drake,Adolphus@nayeli.org
457,Connelly,Ismael,Ansley@clare.io
553,Conroy,Christop,Alverta.Konopelski@tad.co.uk
913,Conroy,Karianne,Hilbert@trenton.com
512,Considine,Nicholas,Gracie_Schneider@lester.us
162,Considine,Seamus,Myrna_Champlin@antonietta.biz
499,Considine,Vella,Trenton_Nader@constantin.net
301,Corkery,Beatrice,Verona@hillary.ca
93,Corkery,Idell,Stephanie.Hettinger@frances.me
476,Cormier,Blaze,Vickie_Hauck@zora.net
127,Cormier,Hazel,Michaela@marlee.org
626,Cormier,Mckenna,Brittany@araceli.me
336,Cormier,Sophie,Margret.Stehr@bernie.ca
379,Corwin,Anabelle,Dino@don.name
358,Corwin,Hillary,Walton_Schulist@betsy.co.uk
840,Corwin,Jakayla,Eugenia_Emmerich@tiara.info
149,Corwin,Leanna,Timmothy.Reichert@dianna.tv
956,Corwin,Nichole,Kristin@gunnar.ca
168,Corwin,Sedrick,Camryn.Kshlerin@wava.info
474,Corwin,Terry,Carolanne@vincenza.tv
279,Cremin,Dena,Carlie@tavares.me
998,Cremin,Katheryn,Faustino@lance.co.uk
25,Cremin,Nick,Rosendo.Stoltenberg@trevor.us
364,Crist,Elton,Rebeka@ella.us
353,Crist,Olga,Tyra@leilani.name
371,Crist,Tamia,Van@darrin.com
80,Crona,Amani,Emelie.Keebler@terrell.org
198,Crona,Audreanne,Alfonzo.Conn@rosemary.net
939,Crona,Brad,Elinor@princess.biz
426,Crona,Cristian,Amie_Keebler@joey.name
410,Crona,Delia,Christelle@eve.ca
980,Cronin,Antoinette,Earlene.Howell@aditya.name
700,Cronin,Dolly,Hunter_Hermann@cleo.tv
237,Cronin,Estella,Walton.Koss@nico.biz
326,Cronin,Eve,Mervin@josefina.info
182,Cronin,Hyman,Domenick@will.com
851,Cronin,Kale,Heath@maximilian.com
922,Cronin,Orion,Loyce@solon.org
809,Cronin,Quincy,Santa.Bernier@sharon.co.uk
911,Cronin,Werner,Jalen@harry.biz
475,Crooks,Antonetta,Rickie_Cartwright@louisa.ca
982,Crooks,Colby,Uriel_Rau@jamel.biz
659,Crooks,Kody,Richmond.Pfeffer@lacey.co.uk
518,Crooks,Pansy,Kacey@keshaun.name
911,Crooks,Tess,Cecile_Lehner@edmund.tv
490,Cruickshank,Arianna,Dina_Trantow@kylee.me
858,Cruickshank,Burley,Mossie_Fadel@jamey.name
943,Cruickshank,Kurt,Gregg_Harber@tyrese.com
58,Cummerata,Catherine,Newton@israel.net
60,Cummerata,Dameon,Adela@kylee.co.uk
783,Cummerata,Ewell,Adam@austyn.biz
325,Cummerata,Lilly,Annalise@joanie.io
470,Cummerata,Merle,Mario.Brekke@verdie.com
521,Cummerata,Monica,Camille_Grady@sally.net
320,Cummings,Dasia,Wallace@kristina.net
844,Cummings,Lillie,Isaac.Gleason@dee.io
725,Cummings,Lindsay,Rozella_Blanda@vern.tv
107,Cummings,Maci,Chasity_Johns@elsa.net
45,Cummings,Tavares,Bud.Balistreri@lori.org
950,Cummings,Trisha,Elisha@kaylee.biz
397,Cummings,Virginie,Fannie@keaton.tv
592,Dach,Alexandre,Monte_Lakin@godfrey.ca
951,Dach,Clarissa,Zora@alda.io
84,Dach,Elise,Alberto@friedrich.info
559,Dach,Jaylon,Velda@braden.io
247,Dach,Norbert,Tracey_King@jaclyn.us
579,Dach,Rhett,Minnie@carli.co.uk
119,Dach,Rocio,Yadira_Crist@lia.net
600,Dach,Selina,Keira@marietta.info
221,D'Amore,Antwon,Ruth_Hudson@alfonso.io
353,D'Amore,Jacky,Summer@carmella.tv
635,D'Amore,Ryan,Audie.Hand@vernie.info
910,D'Amore,Sharon,Ryann@ivory.ca
914,Daniel,Adelle,Jadon@jerel.com
327,Daniel,Chelsey,Malcolm@maritza.net
363,Dare,Deangelo,Gideon_Hills@samantha.org
193,Dare,Maudie,Ronaldo@eldora.ca
665,Dare,Patrick,Ward_Will@emory.us
115,Dare,Rowland,Kirk@kali.io
76,Dare,Vita,Bernice.Kuvalis@tremaine.co.uk
996,Daugherty,Madonna,Kelton.Bartell@lelah.me
746,Davis,Mireille,Jaeden@reese.name
409,Deckow,Alyce,Kattie@franz.biz
157,Deckow,Jordon,Gaylord@emiliano.co.uk
513,Deckow,Josephine,Baby.Tremblay@zachary.net
362,Deckow,Marie,Troy_Eichmann@marlene.io
668,Deckow,Zackery,Kaitlyn_Windler@louisa.co.uk
620,Denesik,Arnaldo,Katelyn@dasia.name
882,Denesik,Roger,Isai@tillman.net
754,Denesik,Waldo,Lea@reyes.tv
86,Dibbert,Reagan,Elenora@gustave.info
339,Dibbert,Ronny,Maggie@brittany.us
492,Dibbert,Trenton,Kole@jairo.name
151,Dickens,Donnell,Marcelina@troy.co.uk
114,Dickens,Marcia,Cloyd@shea.us
390,Dickens,Millie,Laury@melany.biz
728,Dickens,Trudie,Donna.Ryan@germaine.ca
674,Dicki,Amina,Greyson@mavis.biz
794,Dicki,Carlos,Zackary_Thiel@jacklyn.co.uk
207,Dicki,Enola,Elton.Stroman@terry.name
498,Dicki,Hailie,Donna@kiley.com
823,Dicki,Izaiah,Houston@marianne.info
790,Dicki,Tierra,Darlene.Marvin@olin.net
104,Dickinson,Niko,Eula_Cremin@frida.co.uk
628,Dietrich,Amie,Heaven_Lebsack@kelton.info
220,Dietrich,Earnest,Maude@chase.biz
472,Dietrich,Hermina,Coralie@dawson.me
220,Dietrich,Macy,Arch@rachael.us
908,Donnelly,Adelia,Enrique@macie.com
509,Donnelly,Angelo,Merl.Boehm@hassie.tv
940,Donnelly,Yasmeen,Juanita.Gaylord@deshawn.biz
102,Dooley,Emile,Craig@idell.biz
356,Dooley,Jackeline,Nelle_Fritsch@maiya.info
972,Dooley,Jensen,Americo@doyle.me
913,Dooley,Omari,Damon_Fay@may.name
103,Dooley,Stella,Dorothy_Kassulke@keon.us
570,Dooley,Stephany,Madie_Gottlieb@jannie.biz
503,Douglas,Elias,Vanessa@roxane.com
411,Douglas,Kyle,Graciela_Pagac@rudolph.co.uk
118,Douglas,Laisha,Tatum.OReilly@lindsay.name
254,Douglas,Patrick,Myra@tamara.name
973,Douglas,Tyra,Alvis_Hirthe@creola.info
114,Doyle,Allan,Flavio@alphonso.net
149,Doyle,Kadin,Colt@geovanny.info
917,DuBuque,Ardella,Alden.Considine@sigmund.org
172,DuBuque,Emelia,Hildegard@nicolas.name
849,DuBuque,Lowell,Roman.Schmidt@cyril.us
502,Durgan,Carmel,Casimir.Boyle@nova.net
525,Durgan,Leonor,Ezekiel@esteban.biz
941,Ebert,Amparo,Vida.Cole@ervin.net
827,Ebert,Destany,Flossie.Abernathy@mable.info
200,Effertz,Effie,Dakota@devante.ca
23,Effertz,Lesly,Bonita@cordelia.io
294,Eichmann,Clint,Terrence@cortney.me
513,Eichmann,Cristina,Kylee@ethelyn.biz
892,Eichmann,Demario,Vernon@jason.name
896,Eichmann,Rowan,Jessika@madison.biz
837,Emard,Bernardo,Walton@mariah.io
641,Emard,Gaston,Kenyatta@jerome.ca
766,Emard,Hector,Scarlett@aryanna.biz
268,Emard,Shemar,Sherwood@marilyne.org
815,Emard,Stanley,Amalia@sean.biz
220,Emmerich,Camilla,Shayne@monroe.me
262,Emmerich,Carmelo,Harley_Larson@brennan.name
60,Erdman,Horace,Lennie_Lubowitz@trevor.org
735,Erdman,Michael,Telly@colten.tv
573,Erdman,Monique,Emmanuel.Mraz@golden.us
830,Erdman,Selena,Stevie@mason.biz
40,Ernser,Ethelyn,Alek@cayla.io
221,Ernser,Fred,Carolina.Ullrich@hope.net
826,Ernser,Gardner,Brittany@pinkie.info
188,Ernser,Phyllis,Jermain@crystel.info
347,Ernser,Valentine,Christophe@nash.me
117,Fadel,Selmer,Roscoe@devonte.com
777,Farrell,Geovany,Myriam@candace.me
548,Farrell,Marisol,Lowell@raquel.tv
912,Farrell,Mathias,Eileen_Nolan@maximillian.biz
815,Farrell,Meta,Cristina_Stiedemann@zul.net
204,Fay,Angie,Brenda.Mertz@brendon.tv
709,Fay,Brigitte,Alvah_Graham@queenie.biz
757,Fay,Carissa,Maxie.Blick@okey.ca
652,Fay,Hilario,Willa_Bashirian@kirk.info
361,Fay,Kaylah,Desiree_Murray@eudora.com
102,Fay,Maci,Aric.Bogisich@roel.name
709,Feeney,Adrain,Mylene@erling.com
341,Feeney,Floy,Katelyn@domenic.org
970,Feeney,Jamie,Gunner@casimer.biz
215,Feeney,Nikolas,Bernadette@may.io
832,Feest,Angelita,Jaeden@fae.net
183,Feest,Ellsworth,Lily@laverne.biz
611,Feest,Etha,Lamar_Bauch@hassie.co.uk
662,Feest,Wendy,Bryon@felipa.net
833,Feil,Laverna,Nellie@noelia.org
919,Ferry,Violet,Amiya_Bradtke@adrien.ca
182,Fisher,Clemmie,Hallie_Williamson@whitney.tv
898,Fisher,Daisy,Dortha.Kuphal@david.us
64,Fisher,Emilio,Emil@morgan.biz
745,Fisher,Meta,Jamie@ola.io
416,Fisher,Tania,Guiseppe@maegan.tv
590,Flatley,Andrew,Neha.Feil@dillan.com
555,Flatley,Isabell,Mohamed@jedidiah.us
425,Flatley,Janet,Veronica@wilbert.net
89,Flatley,Leanna,Leola@april.org
820,Frami,Bailee,Crystel@maryam.us
686,Frami,Garry,Giovanni@grant.net
268,Frami,Kristofer,Magali.Harber@dewayne.us
148,Frami,Margot,Dillon@ted.io
833,Franecki,Hobart,Deondre.Hayes@caterina.net
318,Franecki,Thora,Reuben_Hessel@elenor.biz
377,Franecki,Tia,Ransom.Stroman@wilma.com
36,Friesen,Brayan,Jaylen_Rolfson@ewald.name
526,Friesen,Cydney,Garnett_Conn@meta.biz
95,Friesen,Evalyn,Amya_Hayes@reggie.me
622,Friesen,Hollis,Chelsea.Dooley@kristina.tv
514,Friesen,Jeffrey,Ezekiel@marilie.biz
716,Friesen,Vada,Rickie@ivah.biz
740,Friesen,Verda,Linnie_Schimmel@earlene.com
581,Fritsch,Aniyah,Margarete@tate.name
295,Fritsch,Gavin,Tina.McClure@paxton.io
482,Fritsch,Grant,Mercedes@aidan.io
419,Fritsch,Marcelle,Narciso_Hessel@graciela.ca
386,Funk,Fleta,Yazmin@milton.biz
741,Funk,Jaquan,Maximus@marcelino.me
673,Gaylord,Alec,Ernestina.Schuppe@osvaldo.biz
459,Gaylord,Dimitri,Melvin@justice.co.uk
993,Gaylord,Layne,Genevieve_Turner@clay.info
478,Gaylord,Shania,Sadie@mazie.biz
22,Gerhold,Corbin,Nat.Weissnat@greg.com
448,Gerhold,Mckayla,Keven@genesis.us
869,Gerhold,Noel,Sage_Cole@laurence.ca
618,Gerhold,Raegan,Laura@kaela.ca
510,Gerlach,Aglae,Shaun.Kunde@trent.tv
801,Gerlach,Bradford,Murl@hubert.io
188,Gerlach,Geovany,Hassie@tressie.ca
185,Gibson,Autumn,Betsy.Kreiger@cary.org
507,Gibson,Bobbie,Chelsey_Beatty@allen.me
340,Gibson,Nadia,Audreanne.Green@lula.io
310,Gibson,Polly,Lulu@kristoffer.com
137,Gibson,Rosina,Keagan.Stehr@kathryn.org
560,Gibson,Tatyana,Evelyn_Kemmer@otis.name
60,Gibson,Victoria,Daisha@kareem.us
60,Gislason,Casey,Chelsea@alex.io
63,Gleason,Carter,Devyn@mikayla.net
249,Gleason,Celestino,Nicholaus@whitney.net
593,Gleason,Lera,Leonora_Reynolds@edison.co.uk
224,Gleason,Nikko,Mackenzie@alford.net
625,Gleason,Taurean,Magdalena@lindsay.name
915,Gleichner,Annabelle,Humberto.Gerhold@jaydon.us
65,Gleichner,Brianne,Adriana.Cormier@delaney.us
62,Gleichner,Edna,Jerome@dorcas.me
246,Gleichner,Kamryn,Kamille.Hettinger@francesca.org
320,Gleichner,Peyton,Janie@samir.info
175,Glover,Asha,Corene@simone.biz
726,Glover,Birdie,Wilford@danial.biz
141,Glover,Hailey,Einar_McClure@derrick.ca
319,Glover,Jamey,Garland@triston.name
609,Glover,Jovan,Shaun_McGlynn@oma.tv
457,Glover,Maegan,Kara_Hoppe@krystel.ca
235,Glover,Otha,Brent@jaunita.tv
910,Goldner,Bernardo,Vladimir@santino.tv
402,Goldner,Eric,Merritt_Walker@perry.org
597,Goldner,Lyric,Horace@myrtie.biz
994,Goldner,Wendy,Mateo_Brekke@jefferey.us
261,Goodwin,Aric,Myrna@hunter.co.uk
81,Goodwin,Corrine,Jonatan@darion.name
664,Goodwin,Cristal,Hillard@wyman.name
655,Goodwin,Karolann,Irwin@earnest.io
290,Goodwin,Kenna,Valentina.Mueller@estel.biz
118,Goodwin,Kira,Johanna.Schimmel@ephraim.io
780,Goodwin,Laura,Flavie_Stark@jaylin.info
149,Goodwin,Myriam,Roel_Reynolds@lindsay.biz
446,Goodwin,Pearl,Timmothy@dixie.biz
48,Goodwin,Rose,Michael@kaitlyn.org
698,Gorczany,Arely,Haskell@maxwell.ca
459,Gorczany,Meta,Euna@wanda.io
221,Gorczany,Reagan,Fritz_Abernathy@minerva.tv
929,Gottlieb,Edd,Hollis_Turcotte@jarvis.tv
378,Gottlieb,Ernestine,Sydney@donnie.io
469,Gottlieb,Marian,Oren.White@jefferey.me
37,Gottlieb,Meghan,Brendan_OReilly@lessie.co.uk
946,Gottlieb,Sandra,Domenica@gardner.biz
279,Gottlieb,Shane,Nicola@filomena.ca
926,Goyette,Bulah,Evelyn@jordi.com
697,Goyette,Karina,Tiffany@ubaldo.us
272,Grady,Aida,Orie@derick.tv
415,Grady,Audra,Gunner.Buckridge@mohammad.us
69,Grady,Brenna,Sonya@conor.name
580,Grady,Della,Brandi@elise.ca
341,Grady,Keara,Dannie.Aufderhar@rachelle.io
529,Grady,Lawson,Drake_Rutherford@brionna.name
208,Grady,Troy,Haley@athena.name
748,Graham,Adonis,Angelica@cale.us
450,Graham,Bradly,Geraldine@winona.net
371,Graham,Elenora,Billie@anastasia.org
340,Graham,Ephraim,Rosalee@alisha.tv
260,Graham,Freeman,Adrianna@amanda.me
954,Graham,Gerson,Destany@arne.biz
94,Graham,Maymie,Irma.Stokes@dulce.biz
408,Graham,Raphaelle,Darryl@trevion.org
500,Grant,Alfonzo,Dedric@deshawn.ca
10,Grant,Mose,Noble_Nolan@owen.me
130,Green,Amara,Kim.Koepp@giovani.us
630,Green,Skyla,Chaz@arvilla.com
883,Greenfelder,Hester,Taya@elza.tv
659,Greenfelder,Yoshiko,Jocelyn@shyann.net
519,Greenholt,Adriana,Joshua@grace.ca
827,Greenholt,Cecelia,Toby_Lynch@jesus.name
770,Greenholt,Consuelo,Jabari@buddy.us
24,Greenholt,Leatha,Jaunita@merl.biz
258,Greenholt,Lester,Lessie_Reichel@murray.io
493,Greenholt,Litzy,Luigi.Collins@amely.io
162,Greenholt,Lydia,Angie_Bernier@adrain.org
514,Grimes,Amie,Mossie_Marquardt@frances.info
744,Grimes,Emory,Kip.Prosacco@quincy.io
19,Grimes,Kari,Tessie_Fritsch@jett.io
917,Grimes,Maxine,Mellie_Schumm@iva.biz
412,Grimes,Yadira,Dennis.Anderson@francesca.ca
292,Guªann,Cortez,Dedric@ona.co.uk
332,Guªann,Dawn,Alessia_Toy@cicero.biz
829,Guªann,Jermaine,Annalise.Jones@leonora.io
579,Gulgowski,Austen,Orlando.Emard@adam.biz
486,Gulgowski,Carter,Baby.Keeling@tiara.tv
746,Gulgowski,Kara,Cora.Runolfsson@abdullah.info
48,Gulgowski,Royal,Sienna@lance.tv
266,Gulgowski,Terence,Alford.Veum@orval.name
802,Gulgowski,Violet,Jess.Schimmel@marcos.biz
271,Gusikowski,Emanuel,Cayla@meredith.net
759,Gusikowski,Holly,Bert_Schroeder@luciano.biz
704,Gusikowski,Jade,Jennyfer_Kuhlman@katheryn.me
435,Gutkowski,Chelsea,Viviane@eda.biz
545,Gutkowski,Eino,Neoma@jovani.org
260,Gutkowski,Hayden,Antonietta_Walker@oceane.me
335,Gutkowski,Jeramy,Allen@cali.tv
56,Haag,Abdullah,Vernie.Bradtke@ada.info
20,Haag,Antonetta,Jazmyn@kylie.com
389,Haag,Stephania,Candice_Hayes@pearl.io
92,Hackett,Emory,Krista_Herman@myrtle.info
914,Hackett,Justina,Anastasia@alford.info
8,Hackett,Madie,Benny.Ortiz@zita.info
765,Hackett,Maximilian,Gene.Ziemann@camylle.net
296,Hackett,Oleta,Boyd@victor.com
805,Hackett,Trevor,Brant.Herman@arturo.me
806,Hagenes,Burnice,Chaim@tressa.me
218,Hagenes,Jennings,Candido_Pfeffer@janis.ca
777,Hagenes,Kiel,Kaycee_Ritchie@alexane.io
950,Hagenes,Lessie,Shad@mittie.name
984,Hahn,Bridgette,Mabel@brandy.com
334,Hahn,Litzy,Kelton@federico.biz
871,Haley,Jaunita,Raven@watson.tv
568,Haley,Verda,Margarett@malika.us
415,Halvorson,Alford,Adrianna@ariel.biz
943,Halvorson,Kiera,Jude@schuyler.us
451,Halvorson,Tate,Elroy@jean.tv
135,Halvorson,Tyree,Jewell_Beier@rico.net
348,Hamill,Alvina,Monte.Bode@marcelle.com
136,Hamill,Candice,Janick@carson.io
413,Hamill,Gerda,Muhammad.Hauck@tremaine.com
738,Hamill,Michele,Domenic_Balistreri@kylie.biz
601,Hamill,Monte,Mortimer@reed.biz
498,Hamill,Orlo,Wellington@damien.biz
694,Hammes,Hermann,Kenyon@lucas.org
197,Hammes,Michale,Garett@frida.biz
380,Hand,Caleb,Leone@helena.co.uk
342,Hand,Julian,Olen@okey.tv
277,Hand,Rashad,Gilberto@sheldon.info
589,Hane,Arnulfo,Aron_Durgan@isabell.me
173,Hane,Jonathon,Mikayla@joseph.biz
562,Hane,Kaden,Jazmyn@wayne.net
960,Hane,Sienna,Janice@ayana.org
875,Hansen,Eddie,Otto@jennings.ca
259,Hansen,Gracie,Katrine.Hilll@brycen.co.uk
931,Hansen,Kallie,Brandt.Hudson@arch.name
86,Harªann,Blair,Alysa.McClure@dedrick.net
498,Harªann,Darian,Jovanny@aurelia.io
182,Harªann,Hubert,Jamel_Littel@salma.com
915,Harªann,Jess,Ruth.McClure@jewel.io
219,Harªann,Norberto,June_Dibbert@ocie.io
148,Harber,Theodore,Emmalee@lurline.me
46,Harris,Alysa,Aubrey@mathew.me
343,Harris,Joanny,Kieran.Wolff@malachi.io
1,Harris,Rodrick,Ethan@branson.org
57,Harvey,Colby,Wade_Pfannerstill@garnet.ca
700,Harvey,Edward,Mitchel@kelli.net
29,Harvey,Genevieve,Lauryn@ericka.co.uk
200,Harvey,Guiseppe,Kiel.Hayes@anastasia.name
463,Harvey,Jerrod,Aurelia@dulce.biz
112,Harvey,Linwood,Reyes_Hodkiewicz@stephon.ca
905,Harvey,Linwood,Krystina@shawn.me
275,Harvey,Pablo,Lindsey@cleora.org
141,Harvey,Roy,Antonina.Barrows@mohamed.net
377,Hauck,Brianne,Heaven_Johns@cody.us
686,Hauck,Ryann,Jaida@armando.me
783,Hauck,Tristin,Pattie@herta.me
748,Hauck,Tyree,Carolanne.Tromp@misty.io
667,Hauck,Vivian,Tillman@madeline.org
101,Hauck,Wilton,Elnora@jesus.com
881,Hayes,Amelia,Alexandro@gregoria.org
647,Hayes,Darrion,Fidel@georgianna.ca
120,Hayes,Samantha,Santina.Kessler@abby.biz
339,Hayes,Tre,Cathrine@audra.us
193,Hayes,Wellington,Adaline.Hamill@kian.biz
659,Heaney,Alexandrea,Eveline@dana.biz
440,Heaney,Alfredo,Mathew@danial.info
531,Heathcote,Armando,Earlene@buford.biz
889,Heathcote,Esmeralda,Isai@antonia.io
436,Heathcote,Kaela,Roma@beryl.tv
185,Heathcote,Muhammad,Boyd@maryjane.tv
782,Heathcote,Roselyn,Gia.Schmidt@burnice.biz
467,Hegmann,Abby,Jordy@jaiden.io
431,Hegmann,Eldon,Daniella_Feest@brady.biz
395,Heidenreich,Andres,Larissa_Lemke@jennifer.co.uk
588,Heidenreich,Daphne,Dorcas@general.com
932,Heller,Edwina,Pansy_Schoen@isobel.me
702,Heller,Henri,Mertie@gene.us
35,Heller,Lew,Valerie_Goldner@grover.tv
517,Heller,Yessenia,Keira@arielle.org
995,Herman,Bernard,Donny@moises.co.uk
687,Herman,Meredith,Electa@mitchell.io
947,Herman,Titus,Arielle@bernice.io
745,Herman,Vance,Trevor@aditya.io
424,Hermann,Emilie,Shanon@yessenia.io
123,Hermann,Marlen,Georgiana.Daugherty@elvis.ca
694,Hermann,Murl,Valerie.Considine@keagan.ca
222,Hermiston,Belle,Dawson@kurtis.us
284,Hermiston,Burdette,Theodore_Kassulke@maribel.biz
599,Hermiston,Colby,Kamille.Torphy@shanna.info
192,Hermiston,Frederic,Devante@bryce.us
911,Hermiston,Melody,Moses_Hilll@rozella.co.uk
94,Hermiston,Noemi,Hertha.Jakubowski@sabina.tv
746,Hermiston,Nyasia,Evert_West@furman.io
497,Herzog,Celestine,Grady@fleta.info
149,Herzog,Gregorio,Darrick.Pollich@jayden.me
584,Herzog,Kenneth,Margarette@silas.tv
74,Herzog,Lance,Rachelle_Conroy@katelyn.biz
755,Hessel,Quinton,Emmanuel@evie.io
425,Hettinger,Cassandre,Brigitte@owen.biz
191,Hettinger,Ernestine,Emilio@hildegard.info
942,Hettinger,Linnea,Declan_Runte@eldon.tv
979,Hettinger,Malcolm,Zoie@nadia.name
65,Hettinger,Precious,Assunta@dawn.name
991,Hickle,Belle,Candelario_Lubowitz@kyle.io
299,Hickle,Destinee,Leilani.Luettgen@alyce.name
365,Hickle,Esteban,Cullen_Borer@juanita.io
733,Hickle,Yasmine,Gladyce@cleora.co.uk
960,Hilll,Desmond,Cordia.Treutel@shirley.me
566,Hilll,King,Frederique_Nitzsche@vella.biz
542,Hills,Adrian,Jazmyne@carroll.ca
990,Hills,Beau,Micheal@kyla.name
950,Hills,Evan,Hollie_Labadie@dayton.ca
58,Hills,Harmony,Bruce_Conn@vallie.io
132,Hills,Herta,Tyson@janet.com
880,Hills,Jaclyn,Sanford@maximillia.info
787,Hills,Theresia,Columbus@davin.org
885,Hilpert,Fiona,Jeanette.Beier@broderick.biz
700,Hilpert,Ralph,Erika@lamont.info
570,Hilpert,Rosanna,Ivy_Jenkins@alexandro.net
688,Hintz,Kathryn,Colten@mackenzie.org
258,Hintz,Makayla,Louie.Kutch@pat.us
388,Hirthe,Ebba,Kiley@gia.biz
654,Hirthe,Reilly,Kristofer.Hoeger@wilhelm.me
997,Hirthe,Roslyn,Jordi@keegan.org
961,Hodkiewicz,Blaze,Chloe.Considine@ebony.biz
301,Hodkiewicz,Ricky,Mertie.Kozey@louie.name
334,Hoeger,Alvah,Jakayla_Conn@ocie.biz
197,Hoeger,Connor,Fern.Jerde@annette.co.uk
648,Hoeger,Delores,Taryn@jennings.us
218,Hoeger,Stanton,Houston@darrel.net
308,Hoeger,Vivianne,Destiny_Doyle@felton.co.uk
166,Homenick,Jennie,Misty@nasir.biz
10,Homenick,Jules,Josiane@yolanda.biz
78,Hoppe,Abagail,Alexandro_Aufderhar@pascale.name
545,Hoppe,Alec,Bart_Gerhold@benjamin.me
405,Hoppe,Caroline,Issac@damion.tv
663,Hoppe,Jeremie,Kyla.Rogahn@jarrell.ca
697,Hoppe,Maxime,Zackery_Ferry@hannah.tv
122,Hoppe,Sarina,Cecilia_Moore@kayley.us
949,Howe,Josie,Frieda@aniya.net
870,Howe,Margarett,Rosanna_Jacobi@eldred.me
98,Howe,Noel,Gino@tess.us
48,Howell,Camren,Rosemary@leora.io
902,Howell,Easton,Jacinto.Stehr@thurman.us
360,Howell,Evie,Brant_Marvin@lindsay.co.uk
814,Howell,Malika,Marianne_White@randall.us
381,Howell,Marilyne,George@austin.info
140,Howell,Trisha,Adrienne.Runolfsdottir@keenan.info
957,Hudson,Alberta,Skyla@marta.us
866,Hudson,Annabel,Sibyl.Torphy@isabelle.com
408,Hudson,Carolyne,Rae@alfred.co.uk
846,Hudson,Germaine,Triston_Spencer@taya.name
924,Hudson,Kristofer,Nathan_Smitham@dahlia.com
71,Hudson,Lyda,Mohammad.Auer@alanis.name
364,Hudson,Russ,Cheyenne@cordia.net
957,Huel,Cecilia,Freida@ramiro.biz
675,Huel,Glen,Ila@simeon.biz
898,Huels,Aileen,Devante@ashly.biz
151,Huels,Brendon,Karolann.Kovacek@kasandra.co.uk
194,Huels,Forest,Shanna@jedediah.biz
333,Huels,Ramona,Karelle.Witting@judy.tv
259,Huels,Raul,Thelma@deshawn.us
437,Hyatt,Conrad,Larissa_Reynolds@lera.com
34,Hyatt,Geovany,Felicita@austyn.com
620,Hyatt,Leann,Elroy.Farrell@rhoda.info
904,Hyatt,Royal,Daniella@katheryn.net
6,Jacobi,Brycen,Shirley_Dickinson@pierre.net
403,Jacobi,Donavon,Talon.Ward@adam.com
633,Jacobi,Earl,Queen.Jerde@reba.us
542,Jacobi,Paula,Jayne@isadore.biz
77,Jacobs,Eusebio,Trinity.Botsford@dell.ca
463,Jacobs,Toy,Josianne@tania.name
559,Jacobson,Arnold,Keeley@anibal.io
165,Jacobson,Dereck,Ilene.Leuschke@kendra.org
586,Jacobson,Destiny,Leanne.Mohr@deshaun.com
88,Jacobson,Leonardo,Faye_Stroman@oren.io
33,Jacobson,Montana,Maymie@osbaldo.co.uk
834,Jacobson,Serenity,Velda@nathanial.net
522,Jakubowski,Clare,Elmore@raina.name
882,Jakubowski,Dessie,Lysanne_Mills@arely.info
812,Jakubowski,Joana,Alfreda_Senger@rhett.co.uk
721,Jakubowski,Johnson,Jaylon@queenie.biz
589,Jakubowski,Mandy,Demario@rashawn.net
615,Jakubowski,Reagan,Kavon@luciano.biz
733,Jakubowski,Taylor,Emory@soledad.tv
145,Jaskolski,Donato,Hudson_Frami@kieran.us
429,Jaskolski,Flavie,Rosella@ethel.com
740,Jaskolski,Giovanni,Trudie@lue.co.uk
502,Jaskolski,Herminio,Alberto@davonte.name
776,Jaskolski,Maurice,Desiree.Prohaska@leanne.biz
759,Jaskolski,May,Misael.Feil@taya.biz
528,Jast,Beatrice,Esther_Reilly@gwen.co.uk
694,Jast,Garry,Brenna.Denesik@shannon.biz
872,Jast,Meagan,Urban@enoch.us
976,Jast,Nickolas,Bobbie@dakota.co.uk
285,Jast,Otha,Nicolas_Schamberger@nakia.biz
576,Jast,Walton,Chasity.Beahan@lawrence.us
961,Jenkins,Melissa,Margarett@herbert.me
677,Jerde,Anabelle,Deangelo@evert.biz
575,Jerde,Annamarie,Jazlyn.Bednar@marquis.us
255,Jerde,Berry,Caitlyn@hosea.info
896,Jerde,Nicholas,Annabelle@warren.net
497,Jewess,Daisha,Jaida@oscar.ca
948,Jewess,Ericka,Kitty@maud.com
376,Jewess,Jorge,Vance@bette.me
767,Jewess,Josianne,Mitchel@devonte.org
996,Jewess,Nolan,Julia@boris.biz
652,Jewess,Rogelio,Warren.Shields@antonette.info
77,Jewess,Salvador,Ellsworth@tiara.io
157,Johns,Jarred,Lula.Bogisich@benton.com
321,Johns,Thad,Gay.Roberts@clark.name
33,Johns,Vanessa,Maximo.Ferry@mertie.info
770,Johnson,Juliana,Houston_Howe@rubye.tv
661,Johnson,Tate,Gerald.Jacobi@doris.name
382,Johnson,Waylon,Constance.Howell@landen.biz
992,Johnston,Christop,Margarete.Yundt@mortimer.net
535,Johnston,Jazlyn,Isabelle.Schaden@frida.net
98,Johnston,Wade,Jayde_Swaniawski@elaina.me
299,Jones,Cary,Laney.Corkery@alan.biz
112,Jones,Sabrina,Adolphus@lazaro.biz
300,Kassulke,Marjorie,Polly.Cronin@vinnie.info
64,Kassulke,Raphael,Lorena_Hane@rodger.name
48,Kassulke,Robert,Richie@ron.com
912,Kassulke,Yoshiko,Toney@trey.ca
308,Kautzer,Danny,Edd_Frami@rhea.co.uk
177,Kautzer,Dejuan,Jillian@liana.org
671,Kautzer,Jamar,Hubert.Champlin@jovany.me
41,Kautzer,Maude,Heloise_Krajcik@quentin.biz
656,Keebler,Berry,Abbie_Stiedemann@mavis.name
423,Keebler,Brenna,Easton_Champlin@shirley.biz
371,Keebler,Damien,Betsy_Boyle@emilia.net
810,Keebler,Dane,Kale.Krajcik@alycia.net
769,Keebler,Deshawn,Loyal_Bashirian@mathias.ca
763,Keebler,Josefa,Albertha@annabell.biz
916,Keeling,Caroline,Bettye_Senger@petra.us
35,Keeling,Jeffery,Sigrid@gerard.us
494,Keeling,Melissa,Thora_Monahan@erling.biz
235,Keeling,Tyreek,Modesta_Smith@josh.org
41,Kemmer,Delilah,Baby_Konopelski@myrtice.biz
87,Kemmer,Lincoln,Holly_Cassin@orrin.net
680,Kemmer,Lonnie,Winona_Welch@pinkie.name
814,Kemmer,Maggie,Gregory.Parisian@rozella.biz
622,Kemmer,Rashad,Kariane@raleigh.biz
521,Kemmer,Raymond,Kale_Rutherford@austyn.biz
933,Kerluke,Jaquan,Christa.Nitzsche@jarred.org
779,Kerluke,Paris,Jermey.Goodwin@waldo.info
198,Kerluke,Parker,Elmo@jenifer.biz
156,Kerluke,Spencer,Cristian@jaleel.info
197,Kerluke,Winston,Desmond.Cremin@zaria.info
30,Kertzmann,Abel,Liliane_Morissette@larue.ca
988,Kertzmann,Agustin,Anabel_Feeney@samantha.me
944,Kertzmann,Doug,Kristin@deja.us
562,Kertzmann,Jamison,Dashawn@darrick.name
651,Kertzmann,Mertie,Bradly_Murazik@eleonore.info
57,Kertzmann,Santino,Marlene_Rogahn@sadye.org
891,Kessler,Haven,Alexandria@dallas.tv
329,Kessler,Kaitlin,Jadon_Feil@raymond.ca
36,Kessler,Ned,Alfonso_Lang@leonard.info
156,Kessler,Phyllis,Vallie_Schulist@margaret.tv
115,Kiehn,Alfonso,Finn_Metz@freddie.ca
638,Kiehn,Cierra,Norris_Kozey@una.info
227,Kiehn,Dane,Alex_Mayer@derrick.net
276,Kiehn,Lia,Baron_Schamberger@asa.us
603,Kiehn,Linnea,Augustine.Dooley@mabel.com
764,Kiehn,Lorine,Dillon@vito.us
754,Kiehn,Luella,Chandler@ruben.org
567,Kiehn,Monica,Esta@terrance.info
490,Kiehn,Rolando,Antonina@jaeden.net
976,Kihn,Flavio,Sydnie.OReilly@freda.com
486,Kilback,Kamren,Nellie@niko.com
67,Kilback,Mabelle,Dorthy.Reinger@margarete.ca
924,Kilback,Maxine,Easton.Tillman@sam.biz
473,King,Devyn,Tobin.Lang@nicole.ca
374,King,Eusebio,Lempi@providenci.net
197,King,Evans,Guido@camylle.info
114,King,Miguel,Marjory_Zulauf@laverna.name
475,King,Ophelia,Keira@eldridge.org
364,King,Rubye,Henderson@corene.io
557,Kirlin,Kade,Tremaine@dixie.biz
979,Kirlin,Makenzie,Herman@berneice.info
260,Klein,Clifton,Tania@dean.org
408,Klein,Colby,Graciela@ronaldo.us
285,Klein,Thad,Chadd_Stark@burnice.info
717,Klein,Virginie,Benedict@myra.tv
581,Kling,Amani,Erica@woodrow.tv
260,Kling,Amelia,Madelyn_Rowe@katheryn.tv
80,Kling,Ashlee,Princess@angie.ca
131,Kling,Gwendolyn,Manuel.McCullough@jan.net
584,Kling,Janis,Jacky_Connelly@franco.org
274,Kling,Jedidiah,Al_Abernathy@berniece.net
69,Kling,Makenzie,Bella@stella.info
216,Klocko,Carmel,Imani@mina.ca
207,Klocko,Halle,Reyes_Dach@caroline.ca
97,Klocko,Kristin,Fabian@demetrius.me
453,Klocko,Rose,Helmer@malinda.biz
422,Klocko,Trudie,Anne_Champlin@cornelius.biz
471,Koch,Camila,Quincy@mikayla.co.uk
389,Koch,Cecil,Maverick@jairo.com
543,Koch,Felipe,Sylvester@brock.tv
233,Koch,Gladyce,Jordy.Johnson@israel.biz
233,Koch,Layla,Roel.Davis@lewis.me
741,Koch,Winifred,Colin_Larson@pierre.tv
580,Koch,Zoey,Trystan@keanu.biz
726,Koelpin,Delmer,Pearlie_Mayer@sasha.us
269,Koelpin,Ferne,Hermann@gustave.biz
240,Koelpin,Lela,Audreanne@syble.tv
741,Koelpin,Makenzie,Marlee@icie.io
756,Koelpin,Neoma,Toy@shaun.us
837,Koelpin,Rod,Dorris@chris.tv
680,Koepp,Bessie,Ben_Hilll@beulah.co.uk
653,Koepp,Geo,Ubaldo.VonRueden@shea.biz
847,Koepp,Wilmer,Gordon_Grimes@della.biz
885,Kohler,Anahi,Branson@mariane.co.uk
999,Kohler,Cyrus,Marlene@zakary.biz
671,Kohler,Jarrett,Lesly@janiya.biz
600,Kohler,Regan,Audra.Glover@woodrow.info
765,Konopelski,Earline,Stan.Huel@hollie.net
214,Konopelski,Eunice,Shanon_OConnell@jeffry.me
878,Konopelski,Graciela,Abdul_Goodwin@murphy.net
103,Koss,Danny,Braxton.Heaney@macy.info
402,Koss,Lorenzo,Orlo@marisol.name
26,Koss,Stanley,Josie.Champlin@eve.name
922,Koss,Willie,Robbie@zoe.name
153,Kovacek,Alexandra,Rosie.Weissnat@geovanny.tv
416,Kovacek,Velva,Amara.Grimes@edison.net
776,Kozey,Emory,Suzanne.Howell@llewellyn.name
973,Kozey,Mekhi,Leila@nona.net
495,Kozey,Pasquale,Dane_Harber@daphne.co.uk
835,Kozey,Stefanie,Johanna.Ebert@otho.name
52,Krajcik,Emmie,Dashawn.Emmerich@wyatt.me
79,Krajcik,Marlen,Dayton.Durgan@gisselle.info
687,Krajcik,Martina,Era.King@alvena.io
82,Krajcik,Raoul,Hildegard.Deckow@zelma.net
470,Kreiger,Elvie,Alyce@aida.ca
709,Kreiger,Jamar,Katarina@josue.co.uk
478,Kreiger,Rodolfo,Albin@edgardo.tv
390,Kris,Aaron,Nat.Ferry@alaina.co.uk
247,Kris,Hilbert,Karlee@micaela.com
15,Kris,Mason,Gregoria@alysson.ca
247,Kris,Rylee,Heloise_Veum@turner.info
26,Kshlerin,Eulalia,Deven@jena.biz
962,Kub,Angelita,Markus_Hahn@lloyd.co.uk
116,Kub,Joanie,Jannie@larue.biz
270,Kub,Uriah,Viviane@christine.biz
44,Kuhic,Johnathan,Stacey.Haag@sean.info
456,Kuhic,Telly,Mireille@cesar.ca
520,Kuhlman,Damien,Abagail.Lakin@eldora.me
286,Kuhn,Delfina,Clark@earnestine.info
572,Kuhn,Jena,Reta@vilma.name
867,Kuhn,Rae,Wilbert.Grant@wilhelmine.us
294,Kulas,Carolina,Dariana@nathaniel.co.uk
785,Kulas,Lavern,Brandt@fabian.net
844,Kunde,Clare,Clifton@floy.com
321,Kunde,Giuseppe,Beryl@bernardo.org
408,Kunde,Martin,Gabriella@sarah.biz
311,Kunde,Nikki,Carmel_Braun@elise.biz
96,Kunze,Camden,Ella@velma.co.uk
260,Kunze,Donna,Demarco@una.us
177,Kunze,Greta,Veda@burdette.biz
512,Kunze,Israel,Nyah@olaf.co.uk
630,Kunze,Jordy,Marcelina_Hudson@gaston.io
857,Kuphal,Aliya,Emerald@aileen.org
100,Kuphal,Assunta,Rose@tom.net
220,Kuphal,Camila,Letitia_Dach@roscoe.name
820,Kuphal,Conor,Jett_Rogahn@perry.biz
870,Kuphal,Corbin,Alexandrine.Green@alberta.io
687,Kuphal,Gayle,Perry@maxwell.org
545,Kuphal,Mallie,Carmella@holden.us
510,Kuphal,Sherwood,Kendra@soledad.tv
588,Kuphal,Velda,Richie@michele.co.uk
579,Kutch,Alec,Diana@ellsworth.tv
530,Kutch,Benton,Jamaal_Wilderman@deanna.org
338,Kutch,Fausto,Constantin@queen.net
72,Kutch,Rita,Diamond@micheal.co.uk
776,Kuvalis,Bert,Elta@mazie.biz
47,Kuvalis,Dee,Paige@kamron.name
533,Kuvalis,Franz,Don.Baumbach@kim.name
681,Kuvalis,Jarvis,Eudora_Schimmel@antwan.biz
330,Kuvalis,Kayden,Cary_Osinski@jayne.com
558,Labadie,Garrick,Arvid.Ledner@emmett.us
98,Labadie,Joanie,Kayden_Schneider@myah.info
220,Lakin,Dangelo,Marley.Gislason@tatum.com
450,Lakin,Estefania,Jay@elvie.name
225,Lakin,Yolanda,Chanelle.Bergstrom@madison.name
891,Lang,Bradley,Erika@rylan.info
787,Lang,Evans,Rocio@peyton.ca
33,Lang,Lilian,Idella.Considine@ernest.name
38,Lang,Reina,Maci.Denesik@abby.ca
150,Lang,Shea,Agustina.Corwin@tate.net
682,Langosh,Alessia,Moshe_Fritsch@idell.org
72,Langosh,Briana,Jerry@kristoffer.io
747,Langosh,Natalia,Cade@octavia.ca
426,Langosh,Trisha,Arturo_Herzog@herta.net
400,Langworth,Cassidy,Judy.Kohler@brandt.ca
926,Langworth,Chanelle,Furman@tiana.name
721,Langworth,Nina,Tony@london.io
547,Larkin,Brice,Ed@shany.me
878,Larkin,Catharine,Meta.Quitzon@tyshawn.net
551,Larkin,Hans,Dameon@steve.info
996,Larson,Alva,Kylee@olaf.tv
205,Larson,Dolly,Braulio@penelope.ca
337,Larson,Rhoda,Haylee_Kutch@olaf.biz
205,Leannon,Antoinette,Rudolph@kamille.biz
609,Leannon,Carmelo,Arturo.Cremin@jamarcus.name
946,Leannon,Ola,Hattie_Donnelly@hyman.us
222,Lebsack,Alvah,Alfredo@dominique.biz
123,Lebsack,Boris,Sydni.Hackett@jamison.net
725,Lebsack,Gerald,Letha@vidal.com
924,Lebsack,Kenny,Shanie_Conn@levi.us
572,Lebsack,Murphy,Jonathan.Rutherford@gussie.us
718,Ledner,Dariana,Marilou_Heathcote@ella.io
736,Ledner,Genevieve,Dayna.Raynor@karlie.biz
744,Ledner,Patsy,Garrett@laura.com
635,Ledner,Raina,Alena@skye.tv
386,Ledner,Sonia,Lambert@kevon.info
295,Leffler,Emmy,Jevon@dominique.biz
514,Leffler,Holly,Mariam@brock.me
574,Leffler,Pasquale,Arnaldo_Spinka@gregg.com
296,Legros,Antonietta,Katelynn.Schmitt@elna.co.uk
422,Legros,Monserrat,Barrett@kyleigh.ca
52,Legros,Monte,Ada.McLaughlin@arielle.us
615,Lehner,Benny,Orval.Pfeffer@antoinette.me
757,Lehner,Brycen,Alexandre.Raynor@juwan.us
606,Lehner,Jaquan,Mario.Olson@tristian.name
955,Lehner,Jensen,Lewis_Lehner@alberto.com
327,Lehner,Orin,Tomas.Senger@aurelio.info
52,Lemke,Carrie,Ethel@luigi.biz
897,Lemke,Casimir,Olen_Cormier@sienna.me
636,Lemke,Elouise,Maryjane@tristin.org
881,Lemke,Jarret,Kylie_Maggio@hazel.net
634,Lemke,Lennie,Stella@paige.info
338,Lesch,Alaina,Clyde_Beer@tanner.name
429,Lesch,Antwon,Miles.Schultz@doris.me
98,Lesch,Boris,Fanny_Bogisich@verda.io
704,Lesch,Darrel,Chad@graciela.name
808,Lesch,Lorna,Kenyon_Macejkovic@russell.biz
617,Lesch,Marty,Therese_Hodkiewicz@glenna.name
94,Lesch,Maya,Moriah.Walker@titus.me
527,Leuschke,Dillon,Jaime@bernhard.me
734,Leuschke,Garret,Carole_Hintz@jana.io
246,Leuschke,Toni,Eleonore_Reilly@eliseo.name
351,Lind,Albertha,Kylie@rosalind.com
325,Lind,Jaylen,Lydia@juwan.info
238,Lind,Ramon,Andreanne@shyann.ca
15,Lindgren,Cheyenne,Rae@rhett.net
256,Lindgren,Clay,Reggie@everardo.info
811,Lindgren,Duncan,Laurianne.Willms@kennedi.co.uk
655,Lindgren,Elsie,Felicity@marcelo.ca
297,Lindgren,Marta,Marilyne.Hickle@lelia.name
124,Lindgren,Rey,Lucious@ed.org
697,Littel,Anabel,Audie@deon.me
946,Littel,Elda,Kavon@lora.co.uk
439,Littel,Kristopher,Travon@julian.org
690,Littel,Lizzie,Renee@millie.biz
295,Littel,Royce,Rebekah_VonRueden@alivia.tv
274,Littel,Terrill,Quincy@ralph.org
801,Littel,Wilfrid,Mateo@hannah.io
469,Littel,Zetta,Chester@lavinia.us
104,Little,Estevan,Crystel@flo.tv
582,Little,Hillard,Aida@kaitlin.biz
946,Little,Lea,Ervin.Turner@timmy.ca
690,Little,Minnie,Eudora@wyman.net
809,Little,Mohammad,Jacynthe@luther.net
60,Little,Nola,Kamryn@roscoe.net
543,Little,Oswald,Syble@abraham.ca
187,Little,Sydnee,Sven@joanne.net
294,Lockman,Alison,Vergie_Haley@katherine.net
242,Lockman,Blake,Christelle.Herzog@tavares.me
944,Lockman,Freeman,Luis@maynard.tv
843,Lockman,Mandy,Adelle_Morar@zane.biz
22,Lockman,Wilson,Trinity@aiyana.us
280,Lowe,Ed,Furman_Jacobson@jeff.name
666,Lowe,Era,Newton.Mraz@frederik.biz
369,Lowe,Torrance,Sheila.Conroy@estrella.me
956,Lubowitz,Alana,Kathleen.Donnelly@bria.us
440,Lubowitz,Cristal,Laurie_Koss@minerva.us
498,Lubowitz,Kenyon,Elza.Bashirian@fern.name
38,Lubowitz,Korbin,Dejah@mikel.com
728,Lubowitz,Omer,Candice@frieda.me
273,Lueilwitz,Bill,Jan@lupe.tv
186,Lueilwitz,Jonathan,Will_Torp@lauriane.co.uk
11,Lueilwitz,Katelyn,Ericka@dorothy.tv
884,Lueilwitz,Lonzo,Rose@mckayla.org
601,Luettgen,Amara,Isadore@tobin.biz
530,Luettgen,Bryana,Tyson_Mills@gus.us
582,Luettgen,Lora,Garfield.Towne@jarret.org
730,Lynch,Jimmie,Sally.Kunde@lonie.io
711,Macejkovic,Donnie,Felipe@darien.io
922,Macejkovic,Hayden,Enrique.Skiles@alta.me
990,Macejkovic,Peter,Lavonne_Funk@luisa.me
407,Macejkovic,Rosemarie,Ari.Rohan@tony.tv
209,Macejkovic,Titus,Jacinthe_Boehm@alaina.org
832,Maggio,Aaliyah,Wilhelmine@jacey.name
896,Maggio,Lauretta,Lexie@aimee.org
980,Maggio,Leta,Bailey@gabriella.name
710,Mann,Cielo,Thelma.Watsica@adah.ca
146,Mann,Jamarcus,Boris@trudie.tv
71,Mann,Jon,Raphael@felipa.co.uk
240,Mann,Kolby,Jaylen@mandy.io
526,Mann,Sadye,Lynn@vance.us
865,Mante,Catalina,Amparo.Murazik@norwood.biz
191,Marks,Rose,Tyler.DAmore@daisy.name
233,Marks,Velda,Jamel.Cremin@samantha.io
1,Marquardt,Armando,Sincere_Collins@faustino.io
823,Marquardt,Benedict,Rogelio@jevon.us
522,Marquardt,Brennon,Elmer@alanna.us
74,Marquardt,Jayden,Vita.Kerluke@gideon.info
816,Marvin,Autumn,Martin_Baumbach@nikko.me
102,Marvin,Keegan,Barbara.Walker@mortimer.io
675,Marvin,Levi,Karolann@frederic.me
502,Marvin,Mara,Cristobal_Powlowski@santos.org
125,Marvin,Taylor,Oran.Nikolaus@ursula.biz
941,Marvin,Walter,Donna_Mraz@milford.co.uk
289,Mayer,Clay,Johathan@dannie.info
80,Mayer,Selina,Harmon_Fay@clare.me
824,Mayer,Sven,Mervin@jakayla.com
528,Mayer,Telly,Kylee@rory.us
59,Mayer,Zora,Kaela@grayce.com
322,Mayert,Iva,Murphy@watson.co.uk
670,Mayert,Jamar,Johann.Rath@anya.name
942,Mayert,Lisandro,Mable.Breitenberg@maribel.net
191,McClure,Eloise,Lesley@millie.name
851,McClure,Lew,Else.Berge@earlene.io
788,McClure,Rosina,Merle@therese.com
397,McClure,Wiley,Myrl.Willms@nathan.io
164,McCullough,Gabriella,Lenny.Roberts@lila.me
683,McCullough,Helena,Camryn_Heller@lora.co.uk
536,McCullough,Hortense,Juliana.Stamm@marcus.ca
691,McCullough,Julian,Mavis_Paucek@bonnie.io
87,McCullough,Kasandra,Yvonne@tobin.me
914,McCullough,Phyllis,Osvaldo@sunny.co.uk
23,McCullough,Roberto,Leslie@dion.tv
28,McCullough,Sherwood,Candido_Medhurst@mack.biz
592,McDermott,Jayda,Cordell.Schumm@osborne.biz
767,McDermott,Lexie,Laurianne_Harber@gertrude.co.uk
713,McGlynn,Anais,Ellie.Murray@xander.tv
139,McGlynn,Burdette,Arvel.Zieme@tod.info
69,McGlynn,Isobel,Ian.Schmitt@eden.us
327,McGlynn,Leon,Kaitlin.Pollich@marisa.org
489,McGlynn,Marge,Mercedes@reilly.biz
510,McGlynn,Schuyler,Lexus.Block@geoffrey.name
45,McKenzie,Elaina,Bud@garett.io
500,McKenzie,Kacie,Gladys_Labadie@curt.net
314,McKenzie,Kallie,Kennedi.Waters@orpha.org
78,McKenzie,Mittie,Elwin_Smitham@rudy.net
503,McKenzie,Nikki,Rhea@daniela.net
555,McLaughlin,Colton,Laurence_Larson@ruthe.ca
913,McLaughlin,Deontae,Maybelle@jayson.name
911,McLaughlin,Sidney,Grace@rhoda.net
70,McLaughlin,Virginia,Wanda@cesar.net
522,Medhurst,Arnulfo,Odie@savanah.biz
626,Medhurst,Caterina,Jesus@verdie.info
742,Medhurst,Raquel,Joan@lindsey.tv
195,Mertz,Newell,Evelyn@lacy.info
844,Mertz,Rosalind,Herminio@malvina.co.uk
82,Mertz,Rosario,Clara_Block@arvid.biz
527,Metz,Adolfo,Gus@katharina.ca
910,Metz,Emmet,Carmine@alexis.org
629,Metz,Maria,Seth@isobel.biz
575,Miller,Lucio,Noble@marian.biz
894,Miller,Salvador,Branson.Schuppe@adan.io
869,Miller,Toy,Carleton@letha.tv
806,Mills,Idella,Curtis_Funk@michale.co.uk
943,Mills,Lavon,Noelia@kailee.net
969,Mills,Tommie,Brooke.Welch@brent.biz
594,Mitchell,Camille,Dee.Goodwin@adela.biz
999,Mitchell,Marlee,Sterling@katelin.co.uk
516,Mitchell,Ora,Kailyn.Goldner@lucy.name
591,Mitchell,Rahsaan,Josiah.Ziemann@kylee.info
200,Moen,Bernie,Kiley@raymond.ca
593,Moen,Marcellus,Charley_Sanford@bertrand.com
299,Moen,Rita,Mylene@delphia.com
353,Moen,Sophie,Reagan.Watsica@larry.io
436,Mohr,Deven,Annabel@rowland.io
983,Mohr,Devin,Erika@mustafa.info
895,Mohr,Mossie,Cletus@austen.biz
228,Mohr,Tyson,Gwendolyn_Witting@juliana.name
6,Monahan,Alessia,Palma@keanu.info
857,Monahan,Clare,Dana@kellie.biz
442,Monahan,Delta,Haskell@heloise.tv
365,Monahan,Imani,Autumn.Shields@keyon.us
103,Monahan,Jocelyn,Garrison.Wilderman@dasia.net
596,Monahan,Ola,Paxton.Nicolas@kacie.biz
280,Monahan,Presley,Golda.Gleason@elsa.co.uk
515,Monahan,Rhea,Claudie@abigail.org
794,Moore,Lenna,Colleen_Schamberger@leopold.co.uk
637,Moore,Maegan,Damian_Thiel@arden.biz
940,Morar,Danielle,Kiera@leanne.com
213,Morar,Gonzalo,Guy_Cartwright@concepcion.name
408,Morissette,Dangelo,Garett@nellie.io
365,Morissette,Dayton,Rosina.Yundt@llewellyn.name
641,Morissette,Doug,Jaylen@ona.net
693,Morissette,Keshawn,Elmore.Langworth@judd.io
586,Morissette,Rashawn,Melisa@joseph.us
721,Morissette,Zoie,Eloy_Schiller@margarette.name
949,Mosciski,Amir,Natalie.Gorczany@drake.ca
155,Mraz,Dortha,Ellen_Will@raven.info
7,Mraz,Einar,Aliza@zane.biz
681,Mraz,Harmon,Carolanne_Mann@chet.ca
402,Mraz,Jacynthe,Marilie@katherine.name
12,Mraz,Jerel,Earlene.Fritsch@nyah.com
549,Mraz,Jordy,Orrin.Hermann@alyce.org
566,Mraz,Kattie,Anne@eliezer.ca
623,Mraz,Leslie,Beth@margaret.tv
652,Mraz,Lester,Rosendo@chanel.net
322,Mraz,Monroe,Triston@alexandro.io
230,Mueller,Halle,Hans_Bergstrom@isobel.io
737,Mueller,Karli,Bryana@wendy.biz
132,Mueller,Orval,Aurelio@harley.io
923,Muller,Annabell,Jaydon@devonte.io
62,Muller,Dahlia,Adelbert@martina.co.uk
19,Muller,Helena,Colleen@josianne.io
581,Muller,Lionel,Hailee_Hermann@leilani.com
600,Muller,Theodora,Mabelle_Schuster@alia.biz
417,Muller,Vena,Mavis_Maggio@rosamond.ca
747,Murazik,Berneice,Chaim@eileen.name
187,Murazik,Cristian,Jan_Heidenreich@korbin.info
454,Murazik,Kiana,Gerson@chris.co.uk
62,Murazik,Lou,Leonie.Rohan@eleazar.tv
196,Murazik,Rossie,Antonietta_Goldner@georgiana.me
568,Murphy,Alvina,Hubert@maxie.us
110,Murphy,Dock,Trenton@beryl.biz
400,Murphy,Faye,Ashtyn@shana.tv
8,Murphy,Mittie,Jermaine_Connelly@mireya.tv
635,Murray,Jerald,Monserrate@sven.com
593,Murray,Lavonne,Paxton.Runolfsdottir@myrtice.org
587,Murray,Noah,Ariel_Raynor@madeline.me
293,Nader,Laney,Julia@piper.name
73,Nader,Ray,Karli.Wiza@arvilla.io
722,Nicolas,Emiliano,Marina.Quitzon@jason.biz
510,Nicolas,Imani,Sebastian.Collier@eliseo.io
548,Nicolas,Jennyfer,Lynn_West@vicenta.net
845,Nienow,Adah,Bryon@michelle.name
684,Nienow,Alexis,Alexzander_Marks@cayla.info
195,Nienow,Gerda,Ewell@tamara.co.uk
89,Nienow,Macey,Newton@roderick.com
487,Nienow,Ruthie,Henri.Schaefer@lily.ca
777,Nienow,Sandrine,Wilford@domenic.biz
730,Nienow,Zachary,Mathew@karelle.us
838,Nikolaus,Amelie,Katlynn@haven.biz
314,Nikolaus,Asia,Rogers.Schmeler@colten.org
46,Nikolaus,Chad,Tyrel@joshuah.org
902,Nikolaus,Clara,Hallie@elmer.name
227,Nikolaus,Eldridge,Garrett_Weber@felicia.org
439,Nikolaus,Finn,Cynthia.Mills@vida.tv
491,Nikolaus,Raymundo,Major.Miller@jamil.org
820,Nitzsche,Adan,Immanuel@marilou.co.uk
677,Nitzsche,Eula,Misty_Flatley@bernard.co.uk
466,Nitzsche,Yessenia,Lucious.Schaefer@estella.io
453,Nolan,Braeden,Lamar.Lowe@mackenzie.me
705,Nolan,Derek,Tiara@rupert.co.uk
39,Nolan,Elfrieda,Joana@geoffrey.co.uk
951,Nolan,Emory,Hyman@lorena.info
937,Nolan,Freddy,Marlene.Beatty@ariane.net
858,Nolan,Jacinto,Edyth.Bernier@celia.us
127,Nolan,Michelle,Dorian@susanna.us
983,Nolan,Modesto,Earline@eve.org
365,Nolan,Rogers,Pearlie@reinhold.name
919,Oberbrunner,Darrel,Eryn@maya.ca
609,Oberbrunner,Korey,Kathryn@alec.net
374,Oberbrunner,Rosetta,Nichole@violet.com
492,O'Connell,Abraham,Violette_Schumm@santino.co.uk
124,O'Connell,Carolyn,Rubie@donald.ca
294,O'Connell,Carter,Alison@barbara.info
554,O'Connell,Gunnar,Greyson@willie.biz
527,O'Connell,Misael,Dannie.Mante@courtney.biz
503,O'Connell,Tommie,Itzel@benedict.biz
580,O'Connell,Tyra,Janie@santina.biz
134,O'Connell,Wilhelm,Rashawn@stephon.co.uk
818,O'Conner,Aiyana,Maritza.Volkman@otto.us
599,O'Conner,Ben,Tyrel.Schaefer@jerrell.io
265,O'Conner,Brielle,Vincenza@edwin.com
725,O'Hara,Cortney,Garnett.Nienow@esther.ca
332,O'Hara,Dante,Hannah_Dach@ulices.org
297,O'Hara,Lukas,Terrell@billy.io
776,O'Hara,Maude,Paxton_Schroeder@dell.name
186,O'Hara,Nathan,Kassandra@river.biz
660,O'Hara,Theodora,Davon.Beer@olga.info
776,O'Keefe,Berenice,Annie@destiney.com
724,O'Keefe,Laron,Efrain_Steuber@delpha.co.uk
271,O'Keefe,Shanna,Vaughn.OHara@dayna.com
864,O'Kon,Bertrand,Imogene@armand.co.uk
209,Okuneva,Holden,Nicholas.Barton@morton.net
876,Okuneva,Leda,Joy.Corwin@zoie.name
950,Okuneva,Sibyl,Scarlett_Kihn@johnathon.info
151,Olson,Brannon,Amy@stuart.net
228,Olson,Misael,Dario@spencer.net
633,Olson,Omari,Keon_Reichert@rae.me
64,Olson,Savanah,Dalton.Denesik@madelyn.us
568,Olson,Verla,Reuben.Connelly@marjory.co.uk
189,Ondricka,Dagmar,Carli@cordie.biz
605,Ondricka,Raquel,Vada@lyla.biz
83,Ondricka,Zoe,Alvis_Ferry@yolanda.me
457,O'Reilly,Andy,Lelia@damaris.info
103,O'Reilly,Theodora,Waino@claud.biz
281,Orn,Adelle,Cheyanne@jaycee.biz
61,Orn,Izaiah,Gardner@imelda.me
345,Orn,Tobin,Ari@mario.org
825,Ortiz,Frieda,Ernie@torrance.biz
561,Ortiz,Micaela,Alexys@dereck.net
831,Osinski,Henriette,Rosie@fidel.info
23,Osinski,Nicklaus,Stephanie@euna.tv
556,Osinski,Payton,Bethel.Bahringer@jermey.biz
145,Pacocha,Blaise,Dejuan_Kub@amya.info
904,Pacocha,Dayton,Donnie@elliot.biz
68,Pacocha,Jeromy,Melyssa@maxie.net
245,Pacocha,Lorenza,Chris.Kling@osvaldo.io
343,Pacocha,Melisa,Dorthy@manley.biz
302,Pacocha,Onie,Luna.Hane@mallie.io
988,Pacocha,Raphael,Evert@donny.ca
538,Pacocha,Riley,Jordon_Davis@whitney.co.uk
932,Pacocha,Salma,Charlotte.Hegmann@alvina.biz
940,Padberg,Brendan,Lina@florine.co.uk
864,Padberg,Dena,Anjali@belle.tv
712,Padberg,Gideon,Ruben_Quitzon@jermey.biz
900,Padberg,Margarett,Kim@stephan.net
531,Padberg,Meghan,Donavon@roy.co.uk
759,Padberg,Monty,Brycen@tyson.info
240,Padberg,Nakia,Leone@leda.ca
781,Pagac,Jeromy,Kamren.Kessler@greyson.info
153,Pagac,Pedro,Reilly@addie.org
837,Parisian,Denis,Bruce@meaghan.info
412,Parisian,Jeffery,Devyn.Orn@annette.com
129,Parisian,Lynn,Fanny.Senger@elenora.com
385,Parisian,Madelynn,Jackson@bill.co.uk
500,Parker,Graciela,Edward@rocky.us
560,Parker,Jazlyn,Chelsea.Dicki@demetris.name
346,Paucek,Buddy,Kaleigh@misty.ca
878,Paucek,Chauncey,Adrianna.Koss@dustin.org
397,Paucek,Gillian,Orion@hazel.name
624,Paucek,Merritt,Carter@maye.com
450,Paucek,Orlando,Jimmie@dora.io
789,Paucek,Savanna,Lorenz_Dare@simone.ca
868,Pfannerstill,Chester,Raquel@erica.biz
895,Pfannerstill,Heather,Joana@nathan.net
859,Pfannerstill,Kyle,Ansel_Mraz@eduardo.me
356,Pfannerstill,Leilani,Gennaro@pink.net
722,Pfannerstill,Malachi,Katlyn@kyleigh.biz
362,Pfeffer,Christian,Jack@jorge.net
403,Pfeffer,Dagmar,Cathy_Zieme@gennaro.me
62,Pfeffer,Haven,Lewis_Spinka@jimmie.com
472,Pfeffer,Jerel,Maureen_Stamm@sherwood.ca
259,Pfeffer,Norene,Virgil@elwyn.com
783,Pfeffer,Shawn,Damian_Beer@lonny.org
751,Pfeffer,Talon,Kennedy@travis.com
623,Pollich,Alia,Unique.Bergstrom@cayla.co.uk
156,Pollich,Candace,Deonte@wellington.me
295,Pollich,Coralie,Jensen@king.io
150,Pollich,Jermain,Vivianne_Dibbert@raleigh.name
674,Pollich,Josiah,Rubie.Konopelski@dolly.biz
995,Pollich,Serena,Ora@graciela.org
18,Pollich,Shaniya,Chloe@violet.info
175,Pollich,Sister,Mable_Turcotte@petra.name
629,Pollich,Ubaldo,Triston@johathan.us
214,Pouros,Chance,Ethan@emiliano.net
191,Pouros,Virginie,Fredrick_Schoen@bernita.me
343,Powlowski,Ana,Moriah@angelo.info
398,Powlowski,Joanne,Marie_Walker@elaina.tv
632,Powlowski,Rod,Rowan.Kuhic@carlos.io
510,Price,Deanna,Manuel@garret.co.uk
907,Price,Electa,Skye@kaylee.ca
739,Price,Herman,Magdalena@linnie.tv
367,Price,Megane,Adelle.Wehner@lurline.me
185,Price,Ned,Colleen@torey.ca
976,Price,Newton,Yasmeen.Dicki@malinda.tv
889,Price,Soledad,Raymond@kaylie.info
45,Prohaska,Abdiel,Juvenal@morgan.org
798,Prohaska,Diego,Talia_Tremblay@quinn.biz
247,Prohaska,Elna,Archibald.Thiel@elody.tv
697,Prohaska,Junior,Josephine@eladio.io
541,Prohaska,Kaylin,Leda@adolf.io
363,Prosacco,Emiliano,Federico.Kiehn@ericka.me
204,Prosacco,Emmitt,Kayleigh.Altenwerth@destiney.name
134,Prosacco,Matt,Jarret@fausto.ca
949,Prosacco,Paxton,Emelie@keshawn.net
477,Prosacco,Sandy,Mathew_Nienow@sandra.name
167,Prosacco,Xzavier,Ewald.Wolf@georgianna.io
897,Purdy,Adolfo,Karelle@rhoda.io
188,Purdy,Brando,Leone.Hirthe@naomie.ca
619,Purdy,Krystel,Heaven@royce.biz
588,Purdy,Oceane,Carley.Johnston@kelton.co.uk
210,Purdy,Pascale,Sarah@sharon.net
113,Purdy,Wyman,Liliana_Murray@ansel.info
220,Quigley,Antonietta,Dawson@molly.me
743,Quigley,Peggie,Elza.Robel@joan.tv
155,Quitzon,Chad,Micheal@peyton.co.uk
787,Quitzon,Paxton,Saige@lucienne.io
668,Rath,Keven,Eryn@cielo.info
625,Rath,Raegan,Hal@gerard.me
986,Ratke,Ardella,Otis_Muller@mckayla.ca
989,Ratke,Brianne,Francesco_Marvin@owen.info
72,Ratke,Cortez,Mallie_Kuhn@fiona.org
293,Ratke,Henri,Lorna@bettye.biz
461,Ratke,Rupert,Janelle@dolly.org
785,Rau,Claudine,Sven@kayleigh.biz
411,Rau,Elta,Susan@gennaro.net
848,Rau,Frederick,Anibal@dessie.me
654,Raynor,Aida,Elnora@kade.us
708,Raynor,Jackeline,Alvena_Marvin@isadore.biz
809,Raynor,Jade,Bruce@jevon.ca
971,Raynor,Madisyn,Demarcus@denis.biz
175,Raynor,Markus,Helmer@owen.net
599,Reichel,Ethyl,Marietta@frankie.io
295,Reichel,Wanda,Triston.Bergnaum@josie.tv
721,Reichert,Buster,Abdullah@yoshiko.biz
413,Reichert,Clay,Manuela@oswald.biz
168,Reichert,Vladimir,Dana_Murazik@chet.ca
907,Reilly,Emory,Bryce@raoul.com
616,Reilly,Mauricio,Frances@gage.name
686,Reinger,Baron,Francisca.Corkery@geraldine.biz
750,Reinger,Buster,Monty_Shanahan@torey.biz
226,Reinger,Jeremy,Monte.Larson@lue.me
377,Reinger,Kiarra,Anais_Hand@schuyler.info
740,Reinger,Theodora,Norwood@matt.net
302,Rempel,Kayley,Letitia.Stanton@viviane.ca
732,Rempel,Rosina,Ebba@brody.ca
829,Renner,Brooklyn,Lilla_Tromp@laverne.biz
322,Renner,Chadd,Braxton@jordi.org
919,Renner,Elenora,Kristian@linda.net
869,Renner,Landen,Cortez.Legros@myra.info
551,Reynolds,Prince,Gardner_Quigley@yolanda.io
321,Rice,Bradly,Chadd@lorena.us
505,Rice,Conor,Flo.Casper@susanna.info
370,Rice,Gustave,Misael_Bauch@destiny.tv
691,Rice,Jannie,Dee@karlee.biz
613,Rice,Kennedi,Kirk.Carter@odell.io
660,Rice,Lori,Hilda.Bernier@immanuel.net
875,Rice,Marques,Leslie@jody.co.uk
713,Rice,Morris,Norma.Rohan@dameon.us
486,Rippin,Aida,Christiana.Rutherford@darrick.me
196,Rippin,Alfredo,Mabelle.Larson@adelle.tv
584,Rippin,Don,Kendall@nick.info
299,Rippin,Jay,Selena_Harris@katheryn.com
270,Ritchie,Braulio,Guadalupe@angus.me
130,Ritchie,Leon,Santina@candace.biz
531,Ritchie,Macy,Enola@issac.io
705,Ritchie,Reece,Jed@johanna.co.uk
746,Ritchie,Tony,Lionel.Barton@carmella.net
218,Robel,Alexander,Heaven_Smith@sydnie.us
363,Robel,Alfonzo,Casper_Fisher@zane.biz
565,Robel,Edythe,Amani@rhett.io
918,Robel,Nettie,Zena@torrey.net
638,Robel,Norris,Ericka_Cassin@ashlynn.biz
913,Roberts,Amaya,Rita@nicole.name
699,Roberts,Lilly,Orville@savannah.ca
839,Rodriguez,Cali,Soledad_Pfannerstill@arielle.com
501,Rodriguez,Taryn,Carlee@lura.net
623,Rodriguez,Zack,Krystal@dora.tv
703,Rogahn,Dashawn,Zackary.Olson@tracy.us
578,Rogahn,Joshuah,Mittie@judy.info
724,Rogahn,Murray,Chance_Ferry@adela.name
656,Rogahn,Raymond,Filiberto@orrin.ca
153,Rogahn,Tremayne,Tyrell@nia.io
433,Rogahn,Vidal,Dejon.Herman@daphne.org
451,Rohan,Andy,Alfonzo.Hammes@willy.co.uk
11,Rohan,Bennie,Anabelle@brad.biz
49,Rohan,Collin,Jewell.Torp@bridie.me
666,Rohan,Freida,Allan@madisen.me
440,Rohan,Laura,Nichole@elyssa.info
526,Rohan,Marco,Sarah.Stiedemann@austin.net
998,Rohan,Prudence,Estefania@rocio.co.uk
476,Rolfson,Donnell,Rashawn.Heller@noemi.info
843,Rolfson,Odell,Emelia@ian.me
511,Rolfson,Roslyn,Bailee@arvid.com
628,Romaguera,Casandra,Chaya@nicholas.tv
740,Romaguera,Dante,Bobby@beulah.io
946,Romaguera,Gustave,Kelton@rosemary.us
3,Romaguera,Nasir,Marco.Gaylord@emmanuel.tv
430,Roob,Alfred,Kris_Lind@beaulah.org
898,Roob,Kane,Marie.Grady@theo.biz
403,Roob,Laila,Florian@lindsay.me
176,Roob,Priscilla,Favian@cora.us
570,Rosenbaum,Bret,Oda@lucy.us
321,Rosenbaum,Coby,Fleta_Kirlin@nyasia.co.uk
593,Rosenbaum,Keegan,Reba@nasir.us
18,Rowe,Elvie,Kylee@cindy.us
170,Rowe,Pierce,Ervin.Weber@justina.ca
205,Rowe,Rigoberto,Keenan_Brakus@leonora.me
868,Ruecker,Ezra,Mylene.Pollich@justine.co.uk
878,Ruecker,Jan,Jimmy@alberto.biz
287,Ruecker,Leo,Alvena_Morar@randall.info
512,Ruecker,Maureen,Gaylord.Padberg@maximilian.tv
65,Ruecker,Rhett,Madison.Koch@arturo.org
846,Runolfsdottir,Delores,Talon@dave.biz
106,Runolfsdottir,Fabiola,Ernie_Mitchell@reilly.ca
313,Runolfsdottir,Itzel,Nadia@geraldine.co.uk
443,Runolfsdottir,Loma,Julie@terry.net
303,Runolfsdottir,Pietro,Davonte.Schmeler@ruby.us
949,Runolfsson,Delphia,Hertha@reyes.ca
546,Runolfsson,Hillary,Caitlyn@anderson.us
576,Runolfsson,Johnathan,Abbigail_Friesen@dolly.name
660,Runolfsson,Ofelia,Meta@jabari.biz
597,Runolfsson,Vella,Vern@judy.name
542,Runolfsson,Woodrow,Jay.Kling@piper.us
764,Runolfsson,Xavier,Halie@timmy.us
782,Runte,Dianna,Robin.Wiegand@nicola.us
298,Runte,Raul,Gust@kaylah.name
716,Russel,Charles,Jedediah_Senger@taya.info
610,Russel,Guido,Leland.Ritchie@otho.biz
130,Russel,Hans,Gilbert@dayton.ca
66,Russel,Kylee,Lilyan@randi.io
5,Russel,Lewis,Daron_Schumm@rachel.tv
975,Russel,Linnea,Maximus.Mueller@ophelia.org
278,Russel,Vivien,Alexandrea@zechariah.name
294,Rutherford,Donnell,Santina@kacey.org
435,Rutherford,Doris,Eulalia.Weissnat@virginia.io
305,Ryan,Giles,Howard_Will@rogers.biz
446,Ryan,Maye,Loy@kamron.io
628,Ryan,Nathanael,Hank.Rice@jodie.info
718,Ryan,Sincere,Elvera@amanda.net
344,Sanford,Colby,Savion_Schowalter@devyn.name
934,Sanford,Cordia,Kaitlyn@berenice.co.uk
883,Sanford,Drake,Amiya@mavis.tv
751,Sanford,Queen,Meggie.Ankunding@hilton.biz
766,Sanford,Walker,Jamie@rahul.info
80,Satterfield,Gust,Sallie_Prosacco@lula.biz
473,Satterfield,Ivory,Flo.Waelchi@eda.co.uk
578,Satterfield,Leone,Sabryna_Torp@arturo.me
307,Satterfield,Tressa,Arnaldo@fleta.biz
68,Satterfield,Vince,Verdie@hannah.net
923,Sauer,Brielle,Elmer@richie.org
83,Sauer,Brock,Taya_Mraz@maddison.com
266,Sauer,Chance,Savanna_Cartwright@blanche.ca
977,Sauer,Cleo,Cheyanne.Beahan@mckayla.biz
663,Sauer,Otho,Colby@columbus.info
449,Sauer,Roberto,Jeramy_Dooley@jannie.co.uk
688,Sawayn,Audreanne,Sean.Nicolas@heber.ca
983,Sawayn,Eugenia,Darrick_Gleichner@marcelina.info
513,Sawayn,Rickey,Addison_Walker@bobby.ca
472,Schaden,Alvena,Sebastian@brittany.ca
450,Schaden,Brad,Shawna.Streich@claudia.name
681,Schaden,Lilla,Edwardo@eileen.biz
116,Schaden,Lue,Tre@norval.name
738,Schaden,Ulises,Nova_Dickinson@travon.co.uk
735,Schaefer,Bertrand,Leatha.Schaden@minnie.co.uk
462,Schaefer,Dandre,Nels_Schultz@thaddeus.ca
147,Schaefer,Earnest,Harry@kara.ca
449,Schaefer,Elliott,Cindy_Price@stephan.net
817,Schaefer,Emerald,Idella@evert.me
684,Schaefer,Johnny,Viva.Jacobs@dylan.org
707,Schaefer,Joshuah,Mark_Dibbert@bernadine.us
827,Schaefer,Kris,Theron@cierra.tv
432,Schamberger,Agustina,Jan_Schneider@wilbert.co.uk
716,Schamberger,Athena,Maeve_Schamberger@beau.com
665,Schamberger,Breanne,Polly.Johnston@cristopher.ca
154,Schamberger,Cleta,Kira@oliver.info
566,Schamberger,Stephania,Bettye_Conn@jarod.me
269,Schiller,Trevion,Caleb@dianna.me
210,Schiller,Vidal,Marcelino@nestor.ca
761,Schiller,Wilma,Jannie@abel.io
320,Schimmel,Donald,Liliane@felipa.com
548,Schimmel,Ethelyn,Adolphus_Flatley@london.tv
347,Schimmel,Kennith,Josh_Schaefer@lea.biz
231,Schimmel,Mabel,Anne_Watsica@matt.biz
834,Schimmel,Merlin,Jedediah_Stehr@ethyl.me
93,Schinner,Juanita,Joel.Quigley@sigmund.co.uk
586,Schinner,Lorenza,Rosalyn@kimberly.us
330,Schinner,Martine,Darian.Klocko@darlene.org
284,Schmeler,Annamarie,Jayda@nigel.us
320,Schmeler,Dominic,Joannie@amy.name
125,Schmeler,Rebeka,Zakary@emil.us
860,Schmeler,Talon,Ibrahim_Bins@rosella.ca
1,Schmidt,Bridget,Dylan@laura.org
120,Schmidt,Devante,Morris@earline.biz
741,Schmidt,Emerson,Victoria.Dickens@jada.biz
754,Schmidt,Enos,Stuart@astrid.biz
416,Schmidt,Jamar,Adolphus.Bergstrom@sylvester.net
522,Schmitt,Chris,Erling.Romaguera@nicolas.net
941,Schmitt,Moises,Chauncey@crystal.io
683,Schmitt,Odessa,Laila_Steuber@bella.tv
219,Schmitt,Wilfredo,Kaley_Cronin@sophie.biz
466,Schmitt,Zul,Lorenzo@lesley.org
762,Schneider,Adrienne,Althea.Wisoky@name.biz
769,Schneider,Claire,Germaine_Rohan@vilma.me
639,Schneider,Margaret,Allan.Stracke@carlotta.com
94,Schneider,Rigoberto,Kaitlyn.Deckow@trevor.info
167,Schoen,Erling,Rex@vergie.info
764,Schoen,Julian,Fletcher@eli.name
496,Schoen,Kylie,Joe@fermin.net
153,Schoen,Rhoda,Tony_Dietrich@amina.net
576,Schoen,Trystan,Mitchel.Gulgowski@mohamed.io
998,Schowalter,Alfonso,Fae.Johnston@reynold.tv
252,Schowalter,Earlene,Candido_Gorczany@eddie.net
803,Schowalter,Lexie,Andy.Grady@beverly.us
708,Schroeder,Andrew,Garett_Jones@ryley.biz
29,Schroeder,Mortimer,Makayla@loraine.biz
719,Schroeder,Nico,Wilma.Murray@elijah.net
626,Schroeder,Penelope,Elissa@ora.us
337,Schulist,Casper,Bulah@camren.name
421,Schulist,Jerad,Noel@chelsey.org
277,Schulist,Katlyn,Barrett@raheem.net
458,Schulist,Mary,Lew.Greenholt@tyshawn.biz
876,Schulist,Natasha,Ayla.Yost@rosalinda.com
170,Schulist,Pasquale,Remington_Ward@tiana.co.uk
698,Schulist,Peter,Roberto@elza.net
463,Schulist,Willy,Davion.Rau@darren.co.uk
811,Schultz,Donald,Stephany_Sporer@junius.org
608,Schultz,Melvin,Priscilla_Stehr@mohamed.ca
159,Schultz,Tamia,Javonte_McCullough@celestino.me
672,Schumm,Abner,Agnes@imani.com
345,Schumm,Davion,Leif@taryn.io
180,Schumm,Helene,Idella@leanna.org
573,Schumm,Lila,Alexander@annetta.biz
940,Schumm,Lorenza,Jamal@vivian.info
683,Schumm,Ray,Junius_Kuphal@helen.tv
707,Schuppe,Anissa,Raphael@jerald.org
664,Schuppe,Consuelo,Annabel@nasir.biz
312,Schuppe,Karson,Maria@joaquin.biz
277,Schuppe,Ola,Ashlynn@curt.biz
666,Schuppe,Scotty,Danial_Watsica@ansley.tv
646,Schuster,Anika,Jessica@nathanial.io
834,Schuster,Gerson,Tom@renee.biz
433,Schuster,Janis,Aletha@victor.org
205,Schuster,Joan,Tyrel_Buckridge@evan.io
993,Schuster,Kayleigh,Luigi@hosea.name
333,Schuster,Lizeth,Lizeth@dovie.co.uk
601,Schuster,Lulu,Alden_Will@deion.biz
740,Schuster,May,Richie@gino.org
852,Schuster,Mittie,Cheyanne.Lehner@hanna.net
499,Senger,Aubree,Chandler@miguel.me
565,Senger,Bettie,Nia.Haley@sammie.net
885,Senger,Chaya,Lew@hiram.com
529,Senger,Clay,Johnnie@jaquan.org
988,Senger,Clay,Salvador@shaun.tv
442,Senger,Garfield,Trace_Buckridge@deron.io
928,Senger,Hilario,Dean@lloyd.ca
853,Senger,Hudson,Myrtle_Windler@kayli.biz
275,Senger,Mandy,Marisa.Shields@horace.org
447,Senger,Nia,Newell@anderson.net
306,Senger,Sigmund,Nicola.Goyette@bertram.net
802,Senger,Tomasa,Sasha.Davis@magali.info
984,Senger,Watson,Jackeline@ernest.info
849,Senger,William,Rylan@bradley.biz
357,Shanahan,Cyrus,Elfrieda@mohammed.net
563,Shanahan,Ernestina,Benjamin_Schneider@nyah.io
516,Shanahan,Erwin,Lamont@malvina.org
167,Shields,Albert,Chyna_Yundt@lawrence.info
357,Shields,Edwardo,Everett@emely.biz
212,Shields,Meda,Isaac@emanuel.me
242,Simonis,Lera,Johnnie@alexander.biz
267,Simonis,Orion,Oral.Parisian@maryse.co.uk
546,Simonis,Vidal,Flavio@lenora.net
521,Sipes,Corene,Alexandrea@harley.tv
223,Sipes,Geovany,Viola@monte.co.uk
133,Sipes,Hunter,Roberto.Bradtke@wyman.org
481,Sipes,Jordan,Korbin.Schaden@terence.tv
662,Sipes,Madison,Jacey.Lind@dominic.biz
327,Sipes,Rachelle,Lucious@agustina.me
739,Sipes,Rylan,Lincoln@jermey.biz
651,Skiles,Felix,Dominique@dorian.org
643,Smith,Crystel,Hassie_Abernathy@brooke.co.uk
330,Smith,Edwardo,Michele@dejuan.org
511,Smith,Raoul,Paul_Eichmann@mable.tv
229,Smith,Rudolph,Roy@gretchen.co.uk
39,Smith,Stephany,Isobel@ayden.tv
805,Smitham,Beau,Ricky@ben.ca
635,Smitham,Dusty,Stephon_Hilll@raquel.net
577,Smitham,Keely,Crawford@dorian.net
426,Smitham,Keon,Hal@johnathon.name
125,Spencer,Citlalli,Myron_Kiehn@gabriel.ca
902,Spencer,Clemmie,Jamal.Nitzsche@jabari.me
769,Spencer,D'angelo,Rosetta.Brown@amelie.us
190,Spencer,Frances,Dominic@marcella.me
477,Spencer,Lorine,Favian@agustina.org
585,Spencer,Randall,Junius@tomas.name
871,Spinka,Alessandra,Gerald@estel.tv
224,Spinka,Kale,Nakia@johnny.biz
4,Sporer,Albina,Carmelo.Hansen@dessie.info
906,Sporer,Mack,Darwin@marcelina.name
809,Stamm,Dallas,Leonora_Bruen@heath.co.uk
631,Stamm,Katlynn,Lilliana.Gleichner@eliseo.tv
501,Stamm,Liliana,Chad_Weissnat@destinee.biz
36,Stamm,Maiya,Aisha.Howell@shayna.io
851,Stamm,Nia,Colby@aurelie.co.uk
525,Stamm,Vallie,Kole@reyes.com
942,Stanton,Adrian,Carlee_Wilderman@arlene.me
954,Stanton,Braulio,Jeffery@clyde.biz
209,Stanton,Broderick,Craig@craig.io
340,Stanton,Hillary,Beth_Kling@isaias.name
521,Stanton,Joy,Idella.Doyle@kailee.us
455,Stanton,Julia,Aric.Lang@nola.io
948,Stanton,Julio,Meaghan@hugh.biz
766,Stanton,Kaley,Kendall_Gerlach@elvie.tv
488,Stanton,Marlin,Pansy_Shields@alphonso.name
5,Stanton,Raina,Kelly@hadley.us
30,Stanton,Sage,Rosalia.Kemmer@henry.ca
409,Stark,Jaleel,Adrien.Deckow@bridget.io
949,Stark,Kristina,Nakia@helena.name
371,Stark,Reese,Rickie_Smitham@betty.co.uk
151,Stehr,Albin,Savannah.Wuckert@america.co.uk
703,Steuber,Gia,Alden@lacey.me
743,Stiedemann,Jazmin,Dedrick@reanna.us
968,Stiedemann,Julien,Andres_Ratke@oren.tv
589,Stiedemann,Sigmund,Earnestine@catalina.me
420,Stiedemann,Sylvester,Graham@janice.biz
384,Stokes,Breanna,Karen@ladarius.co.uk
889,Stokes,Chase,Delphine@terrence.co.uk
727,Stokes,Elouise,Wilford@ericka.net
454,Stokes,Emile,Sonny.Kozey@caroline.co.uk
366,Stokes,Heather,Layne@wayne.net
914,Stokes,Jada,Colt@hilario.me
109,Stokes,Rachel,Jerod@jaquan.info
580,Stoltenberg,Aisha,Anastacio@gregoria.name
131,Stoltenberg,Amira,Danial@clinton.org
802,Stoltenberg,Everardo,Aniya@elsie.org
153,Stoltenberg,Hyman,Matilde.Mills@marge.com
26,Stoltenberg,Jamison,Josiane.Ziemann@dusty.com
30,Stoltenberg,Jan,Kelly@alexandre.com
763,Stoltenberg,Wanda,Claire_Mayert@hassan.ca
364,Stracke,Christy,Destiney@ophelia.org
580,Stracke,Cordell,Krystina@toni.biz
885,Stracke,Delphine,Favian@brad.name
888,Stracke,Nathan,Teagan.Goodwin@tracy.org
377,Streich,Abner,Johnson@ella.io
219,Streich,Floyd,Sedrick.Christiansen@fae.me
900,Streich,Trenton,Will@zackary.biz
12,Stroman,Eldridge,Daphne@ceasar.io
916,Stroman,Larue,Alexie@tressa.name
809,Stroman,Leonard,Lloyd.Schamberger@guido.biz
809,Stroman,Wilma,Michael_Ankunding@barrett.org
283,Strosin,Aubrey,Hayley@jaden.us
225,Strosin,Carlie,Norris_Bartell@amani.net
575,Strosin,Ila,Dorothy@abbie.io
853,Strosin,Ruth,Mustafa@kaylah.info
313,Swaniawski,Alfonso,Lorenz.Lockman@glen.biz
983,Swaniawski,Bennie,Garrison@martina.us
1,Swaniawski,Clare,Claire@earnest.net
562,Swaniawski,Daphne,Hulda@jairo.ca
169,Swaniawski,Darlene,Manuela@woodrow.name
851,Swaniawski,Monroe,Mercedes.Schowalter@chaim.net
252,Swift,Caitlyn,Henry@green.net
982,Swift,Jerrold,Tyrique_Gibson@wilburn.net
212,Swift,Milan,Angelo@lester.info
778,Swift,Reva,Peggie.Walker@wilfred.tv
2,Terry,Aditya,Verlie@lexus.co.uk
211,Terry,Brendan,Kavon@emilie.com
714,Terry,Georgianna,Edison.Witting@gussie.biz
180,Terry,Mackenzie,Raegan_Volkman@wilfrid.me
677,Thiel,Kurtis,Norris@skyla.biz
172,Thiel,Laron,Jesse@dina.biz
671,Thiel,Mavis,Lonzo@lincoln.us
185,Thiel,Twila,Olin.Quigley@ardith.biz
668,Thiel,Wellington,Torey.Haag@jaunita.co.uk
235,Thiel,Zita,Melyssa@obie.com
808,Thompson,Alice,Cecelia@emmett.io
889,Thompson,Dallin,Arianna_Hayes@cary.io
300,Thompson,Darren,Kitty@kamryn.org
605,Thompson,Maurine,Elbert_Padberg@joannie.name
328,Tillman,Duane,Casper_Rolfson@kristian.biz
336,Tillman,Everette,Arno@adalberto.us
527,Tillman,Rahul,Buford@geovanni.us
16,Torp,Dudley,Jarrell@marge.co.uk
739,Torp,Lenora,Leilani@ellie.ca
611,Torp,Levi,Lisandro.Rice@lillian.io
95,Torp,Maritza,Gregoria_Marvin@haven.biz
188,Torp,Mohammed,Marilou_OConner@finn.biz
548,Torp,Morris,Vena_Erdman@darby.biz
711,Torphy,Carmel,Savanah@horace.info
156,Torphy,Conor,Noe@sibyl.org
559,Torphy,Lee,Eldred_Christiansen@rodrigo.us
85,Torphy,Maeve,Alessandro@tyrique.name
360,Torphy,Vaughn,Dillon_Kuvalis@friedrich.org
798,Towne,Amparo,Terry@shaylee.ca
298,Towne,Madalyn,Mavis_Farrell@kenya.info
134,Towne,Marco,Shayna_Wiza@jessie.ca
245,Toy,Laisha,Barry@janet.com
240,Toy,Reba,Gideon@blaze.tv
106,Toy,Remington,Elyssa.Friesen@luther.tv
715,Toy,Sean,Savannah@opal.co.uk
213,Toy,Weldon,Jakayla@desmond.me
828,Trantow,Jana,Danial.Denesik@myrtice.com
607,Trantow,Richie,Coby.Champlin@americo.co.uk
896,Tremblay,Aurelia,Robin.Daniel@kianna.net
690,Tremblay,Billie,Candice_Quigley@carolyn.biz
460,Tremblay,Columbus,Mossie_Wintheiser@lyda.com
579,Tremblay,Vern,Danny@rosetta.tv
138,Treutel,Cassidy,Jerry@aisha.biz
538,Treutel,Jamel,Kaden_Konopelski@wava.ca
433,Treutel,Lucile,Bettye@jamir.com
190,Treutel,Marc,Dangelo@hadley.me
635,Treutel,Rahul,Bradly@lydia.net
229,Treutel,Raymond,Jerod_Heidenreich@raul.org
65,Tromp,Elfrieda,Gertrude.Ernser@vincenzo.info
314,Tromp,Hayley,Rupert@myrtie.biz
950,Turcotte,Carleton,Damian@melvin.me
198,Turcotte,Ellie,Eugene_Predovic@francesca.biz
348,Turcotte,Ivy,Napoleon@natasha.net
363,Turner,Jamaal,Keven@camden.co.uk
661,Turner,Jerrell,Katherine.Brown@gideon.tv
946,Turner,Malcolm,Harry@nickolas.com
998,Turner,Parker,Reginald@nils.biz
83,Ullrich,Francesca,Reagan.Tillman@nels.io
778,Ullrich,Jarvis,Juvenal_OHara@ana.us
735,Ullrich,Werner,Maryse.Grady@verna.io
666,Ullrich,Wilfredo,Weston.Olson@alana.biz
337,Upton,Bryon,Ford@royal.co.uk
855,Upton,Ivory,Chesley.Hagenes@ethelyn.net
253,Upton,Lacy,Domenica@catalina.biz
421,Vandervort,Edythe,Kamille.Konopelski@gust.tv
891,Vandervort,Freeman,Myra_Jast@lera.com
732,Vandervort,Keira,Wava.Sanford@claudie.co.uk
552,Vandervort,Lottie,Favian.Marvin@hayden.co.uk
149,Vandervort,Palma,Sanford@marlene.biz
274,Vandervort,Salvatore,Sonny.Price@ahmad.ca
644,Veum,Bethel,Kip_Zemlak@enos.ca
89,Veum,Brandon,Haylie@bailee.io
285,Veum,Elisa,Danyka@nya.us
963,Veum,Helmer,Delia.Harber@aglae.biz
412,Veum,Keith,Maxwell@luther.biz
2,Volkman,Adelle,Samir@golda.name
813,Volkman,Amiya,Frederic_Abbott@margret.org
332,Volkman,Aubrey,Ismael_Kuhn@alvah.ca
491,Volkman,Claire,Oma_OReilly@bertram.tv
167,Volkman,Duane,Isidro.Luettgen@giovanna.info
795,Volkman,Florida,Iliana@liam.me
792,Volkman,Mariana,Norwood@ally.me
196,Volkman,Rowan,Karina.Hirthe@cassandre.name
165,Von,Coty,Everette@estevan.me
449,Von,Eddie,Vivien_Dooley@jed.name
678,Von,Stevie,Pietro@nicolette.co.uk
489,VonRueden,Dennis,Kyla.Ebert@lavern.co.uk
995,VonRueden,Destiny,Johan@miracle.co.uk
877,VonRueden,Gust,Alberta_OConner@cristal.io
321,VonRueden,Terrell,Cristina@ophelia.co.uk
284,Waelchi,Dolores,Kennedy@marlon.co.uk
11,Waelchi,Justen,Flavio_Denesik@bernard.com
10,Waelchi,Matilde,Joana@ed.co.uk
859,Walker,Amos,Lonnie@timmothy.biz
195,Walker,Burdette,Ashton@ashly.name
602,Walsh,Abbey,Haylie@electa.us
668,Walsh,Fred,Esta@eliza.org
158,Walsh,Kayla,Lorena@lupe.us
83,Walsh,Letha,Christiana_Weimann@erica.co.uk
551,Walsh,Raul,Jarret@harry.co.uk
64,Walsh,Rhianna,Jay_Konopelski@muhammad.io
624,Walsh,Rolando,Henri_Koepp@evalyn.co.uk
931,Ward,Athena,Berry.Guann@ernestina.us
313,Ward,Avery,Gerald@samson.us
439,Ward,Edna,Ettie.Kuvalis@crawford.me
960,Ward,Jaiden,Merl_Reichert@creola.biz
85,Ward,Jolie,Rowan@jaden.info
239,Ward,Malachi,Kylee@ally.tv
319,Ward,Ruben,Elizabeth@malachi.name
464,Ward,Warren,Eula@bianka.io
954,Waters,Berenice,Shaniya.Mills@albin.org
251,Waters,Clementina,Jocelyn_Nader@romaine.us
457,Waters,Dustin,Autumn@savanna.ca
823,Waters,Tatyana,Hildegard.Heidenreich@alexandre.us
792,Watsica,Jermain,Eugene_Fahey@randal.org
1,Watsica,Leopoldo,Corrine@georgette.io
504,Watsica,Lydia,Kenneth_Cruickshank@nels.org
383,Watsica,Marcelina,Leopold@angel.name
287,Watsica,Stone,Mathias@archibald.tv
994,Weber,Alfonso,Okey@stanley.tv
673,Weber,Damion,Price@dawson.info
820,Weber,Jennings,Raphaelle_Windler@sedrick.us
561,Weber,Lonnie,Kenneth@lenna.com
558,Weber,Talia,Frederique.Hane@nyasia.io
435,Wehner,Anjali,Arturo.Grant@orville.co.uk
125,Wehner,Ariane,Mckayla@annamae.us
78,Wehner,Zackery,Grace@patricia.net
785,Weimann,Alysha,Mario@joyce.biz
104,Weimann,Avery,Archibald@catharine.io
331,Weimann,Benton,Gabriel.Wehner@matilda.me
527,Weimann,Daija,Delmer@tyra.org
405,Weimann,Eve,Destinee@juanita.us
512,Weimann,Mariah,Adaline.Bartoletti@augustus.info
88,Weimann,Mckenzie,Murl.Krajcik@grady.info
981,Weimann,Selmer,Quinten.DAmore@kip.com
159,Weissnat,Assunta,Lowell_Little@kennedi.ca
247,Weissnat,Blaise,Marta_Streich@beatrice.name
120,Weissnat,Petra,Amanda_Koss@myrtie.us
498,Weissnat,Stevie,Georgiana_Rice@reyes.biz
742,Welch,Assunta,Dixie.Reynolds@yazmin.tv
923,Welch,Demetrius,Myah@samara.us
262,Welch,Fabian,Mireya_Rodriguez@joey.org
580,Welch,Ransom,Enola_Gerlach@forest.me
226,Welch,Serenity,Retha@brian.name
809,West,Casey,Joesph@adelia.org
49,West,Florine,Kameron.Abbott@lizeth.co.uk
637,West,Wilmer,Genesis_DuBuque@payton.com
744,White,Cesar,Emilie_Deckow@marie.io
871,White,Deondre,Ila.Beatty@clemens.biz
722,White,Jon,Oliver.Bednar@monty.me
607,White,Kurtis,Onie@yolanda.me
477,Wiegand,Bernardo,Desiree@nils.name
112,Wiegand,Elsa,Zoey@roberta.com
108,Wiegand,Ila,Doyle_DAmore@jeramie.org
823,Wiegand,Jaylen,Roberto@etha.ca
268,Wiegand,Makayla,Alysson@christ.org
517,Wiegand,Thurman,Julianne@olen.us
986,Wilderman,Clyde,Brigitte_Hirthe@brandon.ca
853,Wilderman,Esteban,Haylie.Hahn@reyes.co.uk
352,Wilderman,Ferne,Sylvester.Labadie@gina.co.uk
155,Wilderman,Hettie,Esther@graham.com
124,Wilderman,Steve,Kacie@mariela.com
382,Wilderman,Tom,Deshawn@elmer.ca
96,Wilkinson,Earnestine,Ezequiel@kory.com
195,Wilkinson,Esther,Alek.Wuckert@abel.net
654,Wilkinson,Michale,Bradly.King@valerie.co.uk
498,Will,Benny,Linda_Tromp@gwendolyn.us
115,Will,Cecilia,Courtney.Labadie@evalyn.biz
50,Will,Dina,Aric@devin.info
36,Will,Eloise,Ronny_Stamm@kitty.biz
708,Will,Karelle,Nico.Marquardt@raina.biz
839,Will,Shayne,Lucienne@macy.com
228,Williamson,Ambrose,Nora@nickolas.biz
466,Williamson,Lucile,Junius@patsy.biz
146,Williamson,Luella,Elva@gilberto.me
35,Williamson,Makenzie,Destin@shanon.biz
701,Williamson,Rafael,Dangelo@francisca.me
398,Williamson,Trisha,Kenneth.Monahan@dorothy.me
668,Williamson,Tyler,Travis.Moen@donato.biz
986,Willms,Andy,Tatyana_Cronin@estella.info
703,Willms,Delmer,Assunta_Stracke@celine.me
620,Willms,Lesley,Marley.Nienow@marcella.info
817,Willms,Lily,Zoie@elizabeth.info
992,Willms,Payton,Mohamed.Willms@estefania.net
579,Windler,Ahmad,Elroy_Bosco@bradford.org
848,Windler,Freeman,Efrain.Hickle@stevie.biz
709,Windler,Lamar,Hulda_Wiegand@reina.info
96,Windler,Lera,Porter@ulices.ca
680,Windler,Marlene,Bennett_Powlowski@mckenna.org
500,Wintheiser,Abbigail,Camilla@ramona.co.uk
581,Wintheiser,Dixie,Maggie_Welch@jarret.com
593,Wintheiser,Eliza,Sally@simone.us
385,Wintheiser,Felton,Darian_Ullrich@elta.info
386,Wintheiser,Grady,Robb.Wintheiser@luis.org
116,Wintheiser,Lilyan,Edyth.Murray@cassie.biz
783,Wisoky,Alvah,Dana@chelsey.us
326,Wisoky,Elvie,Rosalinda@oma.biz
797,Wisozk,Arden,Burley.Ward@gage.biz
78,Wisozk,Calista,Keenan_Jaskolski@giovanna.ca
580,Wisozk,Gaylord,Domenica@hester.biz
897,Wisozk,Taya,Jamir@ulices.us
671,Wisozk,Uriel,Hertha@velva.name
574,Witting,Dexter,Loma@laron.us
180,Witting,Leone,Price.Conroy@maudie.me
140,Witting,Norene,Jazlyn@janessa.co.uk
378,Witting,Tanya,Helena_Schowalter@esteban.com
50,Wiza,Aubree,Barney@aylin.biz
163,Wiza,Ila,Anastasia@verda.org
149,Wiza,Manuel,Casandra@jack.biz
369,Wiza,Newell,Thurman_Jacobi@keely.us
819,Wiza,Stella,Flo_Altenwerth@beau.tv
738,Wolf,Alberto,Marc@audie.org
965,Wolf,Brook,Jerod@sister.biz
278,Wolf,Elda,Alexander@teresa.biz
906,Wolf,Karelle,Jackson_Bergnaum@patrick.info
155,Wolf,Keanu,Juwan.Herzog@helena.co.uk
410,Wolff,Josianne,Marianna_Crona@armani.ca
782,Wuckert,Armand,Ike.Herzog@triston.info
508,Wuckert,Claudie,Warren@jeromy.co.uk
64,Wuckert,Ellen,Arely@dominic.us
308,Wuckert,Eric,Torey@tess.me
66,Wuckert,Israel,Jack.Towne@maverick.info
989,Wuckert,Jerome,Danielle_Flatley@antonietta.info
302,Wunsch,Ari,Clay@delpha.org
106,Wunsch,Della,Mortimer@marcelina.net
186,Wunsch,Harry,Shanon@amos.biz
955,Wunsch,Kelvin,Terence@damaris.org
565,Wunsch,Lauren,Janessa.Heaney@bernie.us
564,Wyman,Annetta,Annabel.Harris@libbie.tv
706,Wyman,Dillon,Viviane.Bogisich@maverick.biz
182,Wyman,Gustave,Lemuel@holly.us
631,Yost,Cyrus,Aylin.Willms@bret.name
971,Yost,Germaine,Jesse@cassandra.org
287,Yundt,Isom,Hilton@marlee.co.uk
672,Yundt,Kaley,Ashleigh.Hackett@reece.ca
224,Yundt,Sarai,Roger@cedrick.ca
511,Zboncak,Bradly,Shanny.Miller@ivah.biz
525,Zboncak,Cathryn,Augustine@nicolette.us
94,Zboncak,Daniela,Leif.Metz@buck.me
700,Zboncak,Danielle,Josie.Beer@rebeca.name
189,Zboncak,Deion,Cameron@audrey.info
705,Zboncak,Marquis,Ransom_Larson@lane.ca
802,Zboncak,Mathilde,Amanda@zelma.co.uk
412,Zemlak,Erika,Westley@shanna.biz
118,Zemlak,Jaqueline,Casper_Thompson@robbie.net
630,Ziemann,Gianni,Jany@alfonso.info
795,Ziemann,Janelle,Parker@cristal.name
241,Ziemann,Juanita,Rosario_Schiller@asha.ca
811,Zieme,Emory,Carmen@emmett.name
696,Zieme,Gilberto,Myron.McClure@zaria.me
474,Zieme,Vivian,Virginia@ludwig.info
355,Zulauf,Earl,Kirstin@geraldine.me
174,Zulauf,Jacques,Marilie@marisa.name
308,Zulauf,Lucy,Jeff@abby.net
463,Zulauf,Magnus,Wiley_Johnson@malachi.co.uk
371,Zulauf,Mohamed,Royce@seth.ca
638,Zulauf,Ruthe,Beulah.Heathcote@euna.ca
